node1,node2
1,2
1,3
1,4
1,5
1,6
1,7
1,8
1,9
1,10
1,11
1,12
1,13
2,5
2,6
2,15
2,60
2,62
2,63
2,67
2,74
2,81
2,173
2,175
2,619
2,627
2,643
2,653
2,658
2,675
2,677
2,690
2,702
2,791
2,802
2,814
2,990
2,1002
2,1012
2,1016
2,1037
2,1040
2,1059
2,1068
2,1194
2,2381
2,2667
2,2838
2,3016
2,3023
2,3042
2,3161
2,3162
2,3163
2,3164
2,3167
2,3461
2,4072
2,4192
2,4223
2,4361
2,4364
2,4365
2,4555
3,8
3,13
3,1087
3,1090
3,1092
3,1095
3,1103
3,1104
3,4107
4,8
4,643
4,659
4,1093
4,4360
4,4399
5,6
5,44
5,60
5,63
5,67
5,72
5,81
5,180
5,619
5,638
5,652
5,675
5,791
5,795
5,1016
5,1037
5,1180
5,1194
5,1413
5,1418
5,1419
5,2667
5,2698
5,3167
5,4265
5,4341
5,4342
5,4343
5,4344
5,4345
5,4346
5,4347
5,4348
5,4349
5,4350
5,4351
5,4352
5,4353
5,4354
5,4355
5,4356
5,4357
5,4358
5,4359
5,4360
5,4361
5,4362
5,4363
5,4364
5,4365
5,4366
5,4367
5,4368
5,4369
5,4370
5,4371
5,4372
5,4373
5,4374
5,4375
5,4376
5,4377
5,4378
5,4379
5,4380
5,4381
5,4382
5,4383
5,4384
5,4385
5,4386
5,4387
5,4388
5,4389
5,4390
5,4391
5,4392
5,4393
5,4394
5,4395
5,4396
5,4397
5,4398
5,4399
5,4400
6,14
6,15
6,16
6,17
6,18
6,19
6,20
6,21
6,22
6,23
6,24
6,25
6,26
6,27
6,28
6,29
6,30
6,31
6,32
6,33
6,34
6,35
6,36
6,37
6,38
6,39
6,40
6,41
6,42
6,43
6,44
6,45
6,46
6,47
6,48
6,49
6,50
6,51
6,52
6,53
6,54
6,55
6,56
6,57
6,58
6,59
6,60
6,61
6,62
6,63
6,64
6,65
6,66
6,67
6,68
6,69
6,70
6,71
6,72
6,73
6,74
6,75
6,76
6,77
6,78
6,79
6,80
6,81
6,82
6,83
6,84
6,85
6,86
6,87
6,88
6,89
6,90
6,91
6,92
7,8
7,11
7,13
7,1091
7,1093
7,1095
7,1101
8,9
8,11
8,13
8,1087
8,1088
8,1090
8,1091
8,1092
8,1093
8,1094
8,1095
8,1097
8,1098
8,1099
8,1100
8,1101
8,1102
8,1103
8,1104
8,1105
8,1106
8,1107
8,1109
8,1110
9,10
9,11
9,1091
9,1096
10,11
10,1091
10,1102
10,1107
11,13
11,1093
13,1087
13,1088
13,1089
13,1090
13,1091
13,1092
13,1093
13,1094
13,1095
13,1096
13,1097
13,1098
13,1099
13,1100
13,1101
13,1102
13,1103
13,1104
13,1105
13,1106
13,1107
13,1108
13,1109
13,1110
15,2817
15,2818
15,2819
15,2820
15,2821
15,2822
15,2823
15,2824
15,2825
15,2826
15,2827
15,2828
15,2829
15,2830
15,2831
15,2832
15,2833
15,2834
15,2835
15,2836
15,2837
15,2838
15,2839
15,2840
15,2841
15,2842
15,2843
15,2844
15,2845
15,2846
15,2847
15,2848
60,72
60,88
60,173
60,174
60,175
60,176
60,177
60,178
60,179
60,180
62,67
62,74
62,81
62,175
62,619
62,653
62,738
62,784
62,977
62,978
62,979
62,980
62,981
62,982
62,983
62,984
62,985
62,986
62,987
62,988
62,989
62,990
62,991
62,992
62,993
62,994
62,995
62,996
62,997
62,998
62,999
62,1000
62,1001
62,1002
62,1003
62,1004
62,1005
62,1006
62,1007
62,1008
62,1009
62,1010
62,1011
62,1012
62,1013
62,1014
62,1015
62,1016
62,1017
62,1018
62,1019
62,1020
62,1021
62,1022
62,1023
62,1024
62,1025
62,1026
62,1027
62,1028
62,1029
62,1030
62,1031
62,1032
62,1033
62,1034
62,1035
62,1036
62,1037
62,1038
62,1039
62,1040
62,1041
62,1042
62,1043
62,1044
62,1045
62,1046
62,1047
62,1048
62,1049
62,1050
62,1051
62,1052
62,1053
62,1054
62,1055
62,1056
62,1057
62,1058
62,1059
62,1060
62,1061
62,1062
62,1063
62,1064
62,1065
62,1066
62,1067
62,1068
62,1069
62,1070
62,1071
62,1072
62,1073
62,1074
62,1075
62,1076
62,1077
62,1078
62,1079
62,1080
62,1081
62,1082
62,1083
62,1084
62,1085
62,1086
63,67
63,72
63,81
63,619
63,643
63,647
63,648
63,649
63,650
63,651
63,652
63,653
63,654
63,655
63,656
63,657
63,658
63,659
63,660
63,661
63,662
63,663
63,664
63,665
63,666
63,667
63,668
63,669
63,670
63,671
63,672
63,673
63,674
63,675
63,676
63,677
63,678
63,679
63,680
63,681
63,682
63,683
63,684
63,685
63,686
63,687
63,688
63,689
63,690
63,691
63,692
63,693
63,694
63,695
63,696
63,697
63,698
63,699
63,700
63,701
63,702
63,703
63,704
63,705
63,706
63,707
63,708
67,68
67,72
67,74
67,80
67,81
67,89
67,180
67,190
67,211
67,219
67,234
67,619
67,627
67,675
67,814
67,990
67,1002
67,1012
67,1016
67,1045
67,1056
67,1059
67,1159
67,1194
67,1413
67,1419
67,1441
67,2223
67,3155
67,3156
67,3157
67,3158
67,3159
67,3160
67,3161
67,3162
67,3163
67,3164
67,3165
67,3166
67,3167
67,3168
67,3169
67,3170
67,3171
67,3172
67,3173
67,3174
67,3175
67,3176
67,3177
67,3178
67,3179
74,173
74,175
74,180
74,619
74,627
74,652
74,677
74,678
74,777
74,789
74,791
74,795
74,808
74,822
74,844
74,845
74,847
74,848
74,851
74,874
74,878
74,986
74,990
74,991
74,1003
74,1006
74,1016
74,1026
74,1037
74,1048
74,1059
74,1073
74,1078
74,1084
74,1158
74,1162
74,1194
74,1411
74,1413
74,1419
74,3023
74,3044
74,3046
74,3161
74,3162
74,3163
74,3168
74,4111
74,4115
74,4126
74,4197
74,4210
74,4261
74,4401
74,4402
74,4403
74,4404
74,4405
74,4406
74,4407
74,4408
74,4409
74,4410
74,4411
74,4412
74,4413
74,4414
74,4415
74,4416
74,4417
74,4418
74,4419
74,4420
74,4421
74,4422
74,4423
74,4424
74,4425
74,4426
74,4427
74,4428
74,4429
74,4430
74,4431
74,4432
74,4433
74,4434
74,4435
74,4436
74,4437
74,4438
74,4439
74,4440
74,4441
74,4442
74,4443
74,4444
74,4445
74,4446
74,4447
74,4448
74,4449
74,4450
74,4451
74,4452
74,4453
74,4454
74,4455
74,4456
74,4457
74,4458
74,4459
74,4460
74,4461
74,4462
74,4463
74,4464
74,4465
74,4466
74,4467
74,4468
74,4469
74,4470
74,4471
74,4472
74,4473
74,4474
74,4475
74,4476
74,4477
74,4478
74,4479
74,4480
74,4481
74,4482
74,4483
74,4484
74,4485
74,4486
74,4487
74,4488
74,4489
74,4490
74,4491
74,4492
74,4493
74,4494
74,4495
74,4496
74,4497
74,4498
74,4499
74,4500
74,4501
74,4502
74,4503
74,4504
74,4505
74,4506
74,4507
74,4508
74,4509
74,4510
74,4511
74,4512
74,4513
74,4514
74,4515
74,4516
74,4517
74,4518
74,4519
74,4520
74,4521
74,4522
74,4523
74,4524
74,4525
74,4526
74,4527
74,4528
74,4529
74,4530
74,4531
74,4532
74,4533
74,4534
74,4535
74,4536
74,4537
74,4538
74,4539
74,4540
74,4541
74,4542
74,4543
74,4544
74,4545
74,4546
74,4547
74,4548
74,4549
74,4550
74,4551
74,4552
74,4553
74,4554
74,4555
81,173
81,177
81,180
81,617
81,618
81,619
81,620
81,621
81,622
81,623
81,626
81,628
81,630
81,675
81,677
81,678
81,791
81,798
81,802
81,1003
81,1026
81,1194
81,2655
81,2656
81,2657
81,2658
81,2659
81,2660
81,2661
81,2662
81,2663
81,2664
81,2665
81,2666
81,2667
81,2668
81,2669
81,2670
81,2671
81,2672
81,2673
81,2674
81,2675
81,2676
81,2677
81,2678
81,2679
81,2680
81,2681
81,2682
81,2683
81,2684
81,2685
81,2686
81,2687
81,2688
81,2689
81,2690
81,2691
81,2692
81,2693
81,2694
81,2695
81,2696
81,2697
81,2698
81,2699
81,2700
81,2701
81,2702
173,175
173,176
173,177
173,180
173,677
173,678
173,768
173,773
173,777
173,789
173,791
173,792
173,794
173,795
173,798
173,803
173,852
173,1006
173,1026
173,1045
173,1162
173,1194
173,1418
173,2667
173,3044
173,3046
173,3063
173,4099
173,4118
173,4197
173,4199
173,4212
175,180
175,599
175,653
175,665
175,675
175,678
175,789
175,792
175,798
175,874
175,984
175,985
175,986
175,990
175,1003
175,1006
175,1012
175,1016
175,1021
175,1026
175,1043
175,1045
175,1047
175,1053
175,1054
175,1057
175,1059
175,1060
175,1068
175,1071
175,1073
175,1158
175,1162
175,1169
175,1190
175,1194
175,1199
175,1413
175,1418
175,2381
175,2698
175,3015
175,3035
175,3044
175,3046
175,3063
175,3164
175,3174
175,4063
175,4068
175,4076
175,4096
175,4097
175,4099
175,4105
175,4111
175,4118
175,4121
175,4126
175,4127
175,4133
175,4136
175,4141
175,4150
175,4158
175,4160
175,4175
175,4184
175,4189
175,4194
175,4197
175,4198
175,4199
175,4208
175,4210
175,4211
175,4212
175,4213
175,4214
175,4217
175,4218
175,4227
175,4228
175,4236
175,4239
175,4250
175,4257
175,4261
175,4264
175,4265
175,4266
175,4269
175,4429
175,4449
175,4682
619,627
619,629
619,652
619,675
619,677
619,698
619,767
619,802
619,808
619,838
619,847
619,849
619,851
619,871
619,874
619,880
619,990
619,991
619,1002
619,1037
619,1040
619,1054
619,1059
619,1060
619,1073
619,1084
619,1087
619,1180
619,1194
619,1413
619,2381
619,2384
619,2667
619,2686
619,3023
619,3032
619,3051
619,3067
619,3070
619,3161
619,3164
619,3167
619,3174
619,4127
619,4133
619,4180
619,4197
619,4211
619,4223
619,4265
619,4365
619,4381
619,4383
619,4390
619,4414
619,4429
619,4449
619,4459
619,4504
619,4699
619,4856
627,638
627,652
627,678
627,847
627,851
627,874
627,986
627,990
627,1014
627,1024
627,1037
627,1043
627,1052
627,1056
627,1073
627,1159
627,1172
627,1180
627,1414
627,1415
627,1417
627,2381
627,2384
627,2667
627,2751
627,3016
627,3035
627,3043
627,3061
627,3067
627,3070
627,3079
627,3091
627,3092
627,3161
627,3162
627,3164
627,3167
627,3168
627,4075
627,4078
627,4093
627,4102
627,4104
627,4115
627,4127
627,4152
627,4159
627,4180
627,4192
627,4202
627,4206
627,4207
627,4217
627,4228
627,4247
627,4250
627,4256
627,4261
627,4263
627,4349
627,4383
627,4403
627,4418
627,4425
627,4449
627,4456
627,4459
627,4461
627,4524
627,4573
627,4610
627,4721
627,4749
627,4856
627,4861
643,646
643,661
643,865
643,1794
643,2881
653,675
653,678
653,738
653,984
653,986
653,998
653,999
653,1003
653,1009
653,1014
653,1016
653,1021
653,1026
653,1029
653,1034
653,1037
653,1043
653,1047
653,1053
653,1054
653,1055
653,1056
653,1057
653,1058
653,1061
653,1065
653,1071
653,1076
653,1079
653,1158
653,1160
653,1162
653,1194
653,1199
653,1412
653,2112
653,2667
653,2698
653,3164
653,3229
653,3383
653,4066
653,4075
653,4095
653,4104
653,4106
653,4197
653,4221
653,4263
653,4265
653,4418
653,4561
653,4562
653,4568
653,4570
653,4590
653,4594
653,4598
653,4622
653,4625
653,4645
653,4667
653,4674
653,4685
653,4700
653,4701
653,4704
653,4713
653,4723
653,4733
653,4742
653,4758
653,4773
653,4789
653,4803
653,4827
653,4850
653,4854
653,4883
658,687
675,677
675,791
675,795
675,802
675,803
675,822
675,828
675,838
675,849
675,871
675,986
675,988
675,990
675,998
675,1037
675,1040
675,1053
675,1162
675,1180
675,1194
675,1195
675,1413
675,1415
675,1418
675,2381
675,2667
675,2686
675,3023
675,3035
675,3161
675,3163
675,3167
675,4192
675,4211
675,4223
675,4265
675,4365
675,4383
675,4414
675,4429
675,4436
675,4459
675,4532
675,4676
675,4699
675,4733
675,4763
675,4805
675,4843
675,4856
677,681
677,686
677,767
677,777
677,791
677,795
677,798
677,802
677,803
677,828
677,838
677,849
677,871
677,1040
677,1054
677,1413
677,1418
677,2381
677,2667
677,2686
677,3032
677,3070
677,3167
677,4072
677,4145
677,4211
677,4223
677,4383
677,4459
677,4532
677,4763
690,694
690,701
690,702
690,704
791,795
791,798
791,802
791,803
791,822
791,825
791,833
791,838
791,849
791,855
791,1003
791,1006
791,1026
791,1037
791,1053
791,1061
791,1158
791,1194
791,1413
791,1418
791,2667
791,3073
791,3075
791,4099
791,4104
791,4111
791,4150
791,4197
791,4487
791,4532
802,803
802,822
802,825
802,828
802,833
802,840
802,849
802,852
802,855
802,857
802,871
802,879
802,880
802,1006
802,1026
802,1162
802,1418
802,2381
802,2384
802,2667
802,2686
802,4082
802,4111
802,4117
802,4265
802,4383
802,4390
802,4532
814,817
814,818
814,825
814,836
814,838
814,847
814,851
814,855
814,861
814,865
814,871
814,874
814,886
814,990
814,1071
814,1159
814,1180
814,3016
814,3043
814,3051
814,3161
814,3164
814,3167
814,3168
814,4197
814,4228
814,4252
814,4254
814,4256
814,4364
814,4365
814,4383
814,4572
814,4596
814,4666
814,4669
814,4716
814,4856
990,991
990,1002
990,1012
990,1016
990,1037
990,1043
990,1048
990,1052
990,1059
990,1060
990,1071
990,1073
990,1078
990,1079
990,1158
990,1162
990,1172
990,1180
990,1194
990,1417
990,1418
990,1790
990,2698
990,3023
990,3042
990,3043
990,3048
990,3051
990,3061
990,3161
990,3162
990,3164
990,3167
990,4066
990,4068
990,4076
990,4100
990,4113
990,4118
990,4130
990,4142
990,4160
990,4162
990,4171
990,4184
990,4192
990,4193
990,4198
990,4207
990,4228
990,4232
990,4238
990,4239
990,4250
990,4252
990,4254
990,4262
990,4263
990,4264
990,4265
990,4365
990,4381
990,4383
990,4413
990,4418
990,4425
990,4456
990,4461
990,4471
990,4494
990,4524
990,4572
990,4584
990,4596
990,4632
990,4666
990,4669
990,4671
990,4687
990,4757
990,4768
990,4779
990,4791
990,4815
990,4830
990,4856
1002,1009
1002,1059
1002,1060
1002,1073
1002,1084
1002,1162
1002,1419
1002,2381
1002,3051
1002,3174
1002,4096
1002,4158
1002,4211
1002,4254
1002,4372
1002,4381
1002,4383
1002,4390
1002,4414
1002,4429
1002,4504
1002,4569
1002,4572
1012,1029
1012,1037
1012,1042
1012,1048
1012,1050
1012,1052
1012,1054
1012,1056
1012,1059
1012,1061
1012,1073
1012,1074
1012,1081
1012,1084
1012,1158
1012,1159
1012,1178
1012,1180
1012,1194
1012,1198
1012,1790
1012,3023
1012,3030
1012,3032
1012,3051
1012,3164
1012,4068
1012,4072
1012,4096
1012,4118
1012,4160
1012,4172
1012,4178
1012,4184
1012,4192
1012,4194
1012,4208
1012,4211
1012,4237
1012,4261
1012,4414
1012,4418
1012,4596
1012,4682
1012,4856
1016,1019
1016,1021
1016,1026
1016,1029
1016,1037
1016,1047
1016,1048
1016,1053
1016,1054
1016,1056
1016,1059
1016,1066
1016,1068
1016,1073
1016,1162
1016,1191
1016,1194
1016,1198
1016,1201
1016,1205
1016,2384
1016,2675
1016,2698
1016,3000
1016,3063
1016,4079
1016,4082
1016,4094
1016,4097
1016,4126
1016,4136
1016,4166
1016,4172
1016,4192
1016,4199
1016,4206
1016,4215
1016,4244
1016,4261
1016,4266
1037,1043
1037,1045
1037,1047
1037,1054
1037,1056
1037,1060
1037,1061
1037,1068
1037,1073
1037,1159
1037,1162
1037,1169
1037,1180
1037,1194
1037,1198
1037,1205
1037,1413
1037,1418
1037,1790
1037,2227
1037,2698
1037,3023
1037,3032
1037,3051
1037,3062
1037,3079
1037,3164
1037,4068
1037,4072
1037,4092
1037,4115
1037,4116
1037,4126
1037,4160
1037,4214
1037,4239
1037,4256
1037,4265
1037,4699
1037,4856
1037,4989
1040,1060
1040,1195
1040,1411
1040,1413
1040,1418
1040,2667
1040,3023
1040,4066
1040,4140
1040,4158
1040,4197
1040,4211
1040,4214
1040,4223
1040,4239
1040,4341
1040,4365
1040,4372
1040,4381
1040,4504
1040,4699
1040,4763
1059,1060
1059,1073
1059,1076
1059,1081
1059,1084
1059,1158
1059,1178
1059,1181
1059,1194
1059,2910
1059,3023
1059,3030
1059,3036
1059,3085
1059,3164
1059,4066
1059,4068
1059,4072
1059,4097
1059,4102
1059,4105
1059,4113
1059,4118
1059,4133
1059,4141
1059,4146
1059,4162
1059,4172
1059,4184
1059,4189
1059,4192
1059,4198
1059,4211
1059,4212
1059,4213
1059,4219
1059,4223
1059,4228
1059,4237
1059,4238
1059,4239
1059,4250
1059,4252
1059,4257
1059,4262
1059,4379
1059,4414
1059,4425
1059,4426
1059,4449
1059,4454
1059,4596
1059,4634
1059,4650
1059,4671
1059,4856
1068,1158
1068,1159
1068,1162
1068,1169
1068,1194
1068,1199
1068,1413
1068,1414
1068,1419
1068,3004
1068,3008
1068,3345
1068,4172
1068,4175
1068,4218
1068,4991
1194,1198
1194,1199
1194,1200
1194,1205
1194,1413
1194,1415
1194,1418
1194,1996
1194,2381
1194,2384
1194,2667
1194,2675
1194,2698
1194,2774
1194,3000
1194,3004
1194,3005
1194,3006
1194,3008
1194,3016
1194,3023
1194,3032
1194,3035
1194,3045
1194,3046
1194,3047
1194,3051
1194,3055
1194,3062
1194,3063
1194,3067
1194,3069
1194,3072
1194,3074
1194,3075
1194,3079
1194,3089
1194,3164
1194,3174
1194,3346
1194,4068
1194,4071
1194,4072
1194,4092
1194,4094
1194,4095
1194,4096
1194,4099
1194,4104
1194,4111
1194,4113
1194,4114
1194,4115
1194,4116
1194,4118
1194,4121
1194,4126
1194,4131
1194,4132
1194,4136
1194,4141
1194,4143
1194,4145
1194,4158
1194,4160
1194,4173
1194,4175
1194,4177
1194,4184
1194,4188
1194,4189
1194,4194
1194,4197
1194,4199
1194,4203
1194,4214
1194,4216
1194,4218
1194,4219
1194,4227
1194,4228
1194,4232
1194,4236
1194,4239
1194,4248
1194,4252
1194,4254
1194,4256
1194,4257
1194,4258
1194,4264
1194,4265
1194,4266
1194,4365
1194,4383
1194,4504
1194,4572
1194,4593
1194,4611
1194,4636
1194,4682
1194,4699
1194,4856
2381,2384
2381,2667
2381,2686
2381,3038
2381,3069
2381,4092
2381,4117
2381,4127
2381,4133
2381,4212
2381,4236
2381,4435
2381,4879
2667,2686
2667,3016
2667,3023
2667,3032
2667,3051
2667,3161
2667,3167
2667,4211
2667,4223
2667,4365
2667,4366
2667,4375
2667,4377
2667,4383
2667,4390
2667,4414
2667,4459
2667,4532
2667,4572
2667,4699
2667,4879
2838,3175
2838,4320
2838,4970
3016,3023
3016,3030
3016,3033
3016,3035
3016,3043
3016,3045
3016,3046
3016,3048
3016,3050
3016,3055
3016,3062
3016,3063
3016,3071
3016,3072
3016,3079
3016,3083
3016,3085
3016,3088
3016,3092
3016,3161
3016,3162
3016,3164
3016,3167
3016,3168
3016,3246
3016,3300
3016,3346
3016,3355
3016,3449
3016,4075
3016,4078
3016,4089
3016,4102
3016,4115
3016,4132
3016,4136
3016,4142
3016,4159
3016,4171
3016,4180
3016,4188
3016,4192
3016,4197
3016,4202
3016,4206
3016,4211
3016,4212
3016,4217
3016,4228
3016,4232
3016,4243
3016,4256
3016,4263
3016,4364
3016,4379
3016,4418
3016,4449
3016,4459
3016,4573
3016,4610
3016,4611
3016,4671
3016,4687
3016,4749
3016,4757
3016,4766
3016,4856
3023,3025
3023,3026
3023,3027
3023,3031
3023,3032
3023,3035
3023,3037
3023,3038
3023,3051
3023,3056
3023,3060
3023,3064
3023,3066
3023,3068
3023,3073
3023,3076
3023,3087
3023,3089
3023,3096
3023,3161
3023,3164
3023,3167
3023,3187
3023,4063
3023,4066
3023,4071
3023,4076
3023,4077
3023,4096
3023,4097
3023,4111
3023,4113
3023,4121
3023,4126
3023,4127
3023,4128
3023,4130
3023,4138
3023,4158
3023,4172
3023,4192
3023,4206
3023,4214
3023,4218
3023,4228
3023,4231
3023,4232
3023,4233
3023,4239
3023,4245
3023,4248
3023,4256
3023,4265
3023,4266
3023,4381
3023,4383
3023,4390
3023,4504
3023,4572
3023,4638
3023,4682
3023,4699
3023,4721
3023,4757
3023,4856
3042,3043
3042,3045
3042,3048
3042,3072
3042,3164
3042,4075
3042,4192
3042,4217
3161,3162
3161,3163
3161,3164
3161,3167
3161,3168
3161,4189
3161,4192
3161,4349
3161,4372
3161,4381
3161,4383
3161,4401
3161,4429
3161,4459
3161,4508
3161,4534
3161,4535
3161,4540
3161,4572
3161,4763
3162,3167
3162,4075
3162,4078
3162,4102
3162,4104
3162,4114
3162,4115
3162,4150
3162,4189
3162,4192
3162,4202
3162,4206
3162,4207
3162,4217
3162,4228
3162,4231
3162,4232
3162,4263
3162,4265
3162,4364
3162,4403
3162,4418
3162,4425
3162,4459
3162,4572
3162,4573
3162,4634
3162,4635
3162,4650
3162,4656
3162,4671
3162,4676
3162,4727
3162,4749
3162,4753
3162,4757
3162,4768
3162,4781
3162,4783
3162,4791
3162,4798
3162,4805
3162,4851
3162,4856
3163,3167
3163,3185
3163,4361
3163,4364
3163,4414
3163,4459
3163,4763
3164,3167
3164,3174
3164,4068
3164,4072
3164,4082
3164,4097
3164,4102
3164,4113
3164,4118
3164,4141
3164,4144
3164,4146
3164,4159
3164,4162
3164,4171
3164,4172
3164,4173
3164,4178
3164,4184
3164,4189
3164,4192
3164,4197
3164,4198
3164,4206
3164,4211
3164,4212
3164,4214
3164,4219
3164,4223
3164,4227
3164,4228
3164,4231
3164,4232
3164,4237
3164,4239
3164,4250
3164,4252
3164,4254
3164,4256
3164,4261
3164,4264
3164,4265
3164,4269
3164,4365
3164,4379
3164,4383
3164,4414
3164,4572
3164,4573
3164,4596
3164,4650
3164,4654
3164,4671
3164,4699
3164,4749
3164,4757
3164,4856
3164,4907
3167,3168
3167,4159
3167,4192
3167,4197
3167,4212
3167,4223
3167,4228
3167,4250
3167,4252
3167,4265
3167,4349
3167,4364
3167,4365
3167,4372
3167,4381
3167,4383
3167,4389
3167,4390
3167,4459
3167,4572
3167,4856
3167,4861
3461,3472
4072,4097
4072,4102
4072,4118
4072,4126
4072,4131
4072,4172
4072,4189
4072,4192
4072,4206
4072,4211
4072,4214
4072,4223
4072,4228
4072,4237
4072,4256
4072,4261
4072,4263
4072,4265
4072,4383
4072,4414
4072,4573
4072,4634
4072,4671
4072,4856
4192,4206
4192,4211
4192,4223
4192,4228
4192,4232
4192,4254
4192,4256
4192,4364
4192,4379
4192,4383
4192,4414
4192,4459
4192,4572
4192,4573
4192,4856
4223,4237
4223,4256
4223,4365
4223,4372
4223,4459
4223,4856
4361,4373
4361,4394
4364,4379
4364,4861
4365,4381
4365,4383
4365,4388
4365,4389
4365,4390
4365,4459
4365,4572
4365,4669
4365,4763
4365,4770
4365,4856
1087,1088
1087,1090
1087,1996
1087,2384
1087,3013
1087,3023
1087,3024
1087,3032
1087,3038
1087,3067
1087,3069
1087,3070
1087,4124
1087,4127
1087,4194
1087,4203
1087,4227
1087,4233
1087,4244
1087,4524
1087,4556
1087,4650
1087,4749
1087,4821
1087,4834
1087,4879
1090,1091
1090,1092
1090,1094
1090,1095
1090,1098
1090,1099
1090,1100
1090,1105
1090,1109
1092,1095
1092,1096
1092,1097
1092,1098
1092,1099
1092,1100
1092,1103
1092,1104
1092,1105
1092,1109
1095,1096
1095,1097
1095,1098
1095,1099
1095,1100
1095,1103
1095,1104
1095,1105
1095,1109
1103,1104
1103,1105
1104,1105
1104,1109
1104,1110
4107,4123
4107,4124
4107,4127
4107,4129
4107,4134
4107,4139
4107,4142
4107,4170
4107,4172
4107,4179
4107,4181
4107,4195
4107,4206
4107,4214
4107,4226
4107,4231
4107,4233
4107,4244
4107,4258
4107,4263
4107,4473
4107,4571
4107,4573
4107,4721
4107,4753
4107,4879
4107,4991
659,660
659,663
659,664
659,668
659,670
659,672
659,676
659,677
659,680
659,681
659,683
659,684
659,685
659,693
659,695
659,696
659,1452
659,2686
659,4387
4360,4367
4360,4368
4360,4398
44,47
44,53
44,56
44,60
44,62
44,63
44,67
44,72
44,74
44,81
44,173
44,175
44,176
44,177
44,180
44,483
44,627
44,652
44,653
44,665
44,667
44,673
44,675
44,678
44,777
44,791
44,792
44,795
44,802
44,822
44,840
44,847
44,874
44,985
44,986
44,990
44,1003
44,1006
44,1009
44,1016
44,1021
44,1024
44,1026
44,1029
44,1034
44,1037
44,1043
44,1045
44,1047
44,1054
44,1057
44,1058
44,1059
44,1060
44,1061
44,1065
44,1068
44,1071
44,1073
44,1158
44,1162
44,1169
44,1172
44,1194
44,1198
44,1200
44,1205
44,1418
44,2381
44,2384
44,2667
44,2698
44,3000
44,3015
44,3016
44,3023
44,3024
44,3032
44,3035
44,3042
44,3043
44,3045
44,3046
44,3047
44,3051
44,3061
44,3062
44,3067
44,3069
44,3072
44,3073
44,3075
44,3079
44,3080
44,3089
44,3162
44,3164
44,4063
44,4064
44,4065
44,4066
44,4067
44,4068
44,4069
44,4070
44,4071
44,4072
44,4073
44,4074
44,4075
44,4076
44,4077
44,4078
44,4079
44,4080
44,4081
44,4082
44,4083
44,4084
44,4085
44,4086
44,4087
44,4088
44,4089
44,4090
44,4091
44,4092
44,4093
44,4094
44,4095
44,4096
44,4097
44,4098
44,4099
44,4100
44,4101
44,4102
44,4103
44,4104
44,4105
44,4106
44,4107
44,4108
44,4109
44,4110
44,4111
44,4112
44,4113
44,4114
44,4115
44,4116
44,4117
44,4118
44,4119
44,4120
44,4121
44,4122
44,4123
44,4124
44,4125
44,4126
44,4127
44,4128
44,4129
44,4130
44,4131
44,4132
44,4133
44,4134
44,4135
44,4136
44,4137
44,4138
44,4139
44,4140
44,4141
44,4142
44,4143
44,4144
44,4145
44,4146
44,4147
44,4148
44,4149
44,4150
44,4151
44,4152
44,4153
44,4154
44,4155
44,4156
44,4157
44,4158
44,4159
44,4160
44,4161
44,4162
44,4163
44,4164
44,4165
44,4166
44,4167
44,4168
44,4169
44,4170
44,4171
44,4172
44,4173
44,4174
44,4175
44,4176
44,4177
44,4178
44,4179
44,4180
44,4181
44,4182
44,4183
44,4184
44,4185
44,4186
44,4187
44,4188
44,4189
44,4190
44,4191
44,4192
44,4193
44,4194
44,4195
44,4196
44,4197
44,4198
44,4199
44,4200
44,4201
44,4202
44,4203
44,4204
44,4205
44,4206
44,4207
44,4208
44,4209
44,4210
44,4211
44,4212
44,4213
44,4214
44,4215
44,4216
44,4217
44,4218
44,4219
44,4220
44,4221
44,4222
44,4223
44,4224
44,4225
44,4226
44,4227
44,4228
44,4229
44,4230
44,4231
44,4232
44,4233
44,4234
44,4235
44,4236
44,4237
44,4238
44,4239
44,4240
44,4241
44,4242
44,4243
44,4244
44,4245
44,4246
44,4247
44,4248
44,4249
44,4250
44,4251
44,4252
44,4253
44,4254
44,4255
44,4256
44,4257
44,4258
44,4259
44,4260
44,4261
44,4262
44,4263
44,4264
44,4265
44,4266
44,4267
44,4268
44,4269
72,74
72,80
72,81
72,175
72,177
72,180
72,628
72,677
72,777
72,791
72,795
72,798
72,802
72,1003
72,1006
72,1026
72,1162
72,1194
72,1418
72,2376
72,2377
72,2378
72,2379
72,2380
72,2381
72,2382
72,2383
72,2384
72,2385
72,2386
72,2387
180,675
180,678
180,791
180,792
180,802
180,847
180,985
180,986
180,998
180,1003
180,1006
180,1009
180,1016
180,1021
180,1026
180,1037
180,1041
180,1043
180,1045
180,1047
180,1053
180,1054
180,1056
180,1057
180,1061
180,1063
180,1068
180,1158
180,1162
180,1194
180,1205
180,1413
180,1415
180,1418
180,1996
180,2384
180,2655
180,2698
180,3000
180,3004
180,3008
180,3023
180,3035
180,3044
180,3046
180,3047
180,3164
180,4066
180,4072
180,4092
180,4094
180,4096
180,4099
180,4104
180,4116
180,4126
180,4136
180,4143
180,4160
180,4173
180,4175
180,4177
180,4199
180,4212
180,4214
180,4216
180,4239
180,4257
180,4265
180,4266
180,4573
180,4682
180,4699
180,4763
638,643
638,646
638,652
638,661
638,773
638,814
638,1180
638,1790
638,1794
638,1821
638,3051
638,3161
638,3163
638,4068
638,4075
638,4118
638,4166
638,4202
638,4343
638,4361
638,4364
638,4373
638,4379
638,4399
638,4749
638,4774
652,677
652,687
652,738
652,767
652,768
652,773
652,792
652,794
652,795
652,803
652,808
652,812
652,817
652,822
652,825
652,826
652,828
652,833
652,835
652,840
652,845
652,847
652,848
652,849
652,850
652,852
652,855
652,861
652,865
652,874
652,880
652,983
652,991
652,992
652,1000
652,1002
652,1006
652,1009
652,1040
652,1042
652,1050
652,1052
652,1053
652,1054
652,1059
652,1060
652,1065
652,1073
652,1084
652,1158
652,1194
652,1195
652,1412
652,1413
652,1415
652,1418
652,1447
652,1790
652,2381
652,2667
652,2686
652,3013
652,3023
652,3032
652,3051
652,3057
652,3091
652,3161
652,3164
652,3167
652,4066
652,4071
652,4076
652,4077
652,4096
652,4099
652,4107
652,4113
652,4118
652,4127
652,4128
652,4133
652,4140
652,4158
652,4172
652,4184
652,4192
652,4197
652,4211
652,4214
652,4219
652,4223
652,4231
652,4233
652,4239
652,4256
652,4257
652,4361
652,4365
652,4379
652,4381
652,4383
652,4414
652,4429
652,4435
652,4436
652,4459
652,4463
652,4504
652,4556
652,4596
652,4638
652,4669
652,4699
652,4721
652,4763
652,4768
652,4831
795,798
795,802
795,803
795,822
795,833
795,845
795,848
795,849
795,854
795,1006
795,1009
795,1413
795,1415
795,1418
795,1419
795,2381
795,2384
795,2667
795,3161
795,3162
795,4197
795,4383
795,4429
795,4435
795,4436
795,4459
795,4504
795,4532
795,4566
795,4577
795,4699
795,4763
1180,1414
1180,1415
1180,1417
1180,1790
1180,2667
1180,2698
1180,3016
1180,3023
1180,3043
1180,3051
1180,3062
1180,3161
1180,3162
1180,3164
1180,4072
1180,4075
1180,4078
1180,4093
1180,4096
1180,4126
1180,4127
1180,4159
1180,4172
1180,4189
1180,4192
1180,4202
1180,4206
1180,4211
1180,4217
1180,4223
1180,4232
1180,4250
1180,4256
1180,4265
1180,4293
1180,4349
1180,4364
1180,4449
1180,4572
1180,4596
1180,4856
1180,4861
1413,1419
1413,2012
1413,2667
1413,3045
1413,3062
1413,3167
1413,3341
1413,4072
1413,4116
1413,4204
1413,4361
1413,4365
1413,4373
1413,4381
1413,4383
1413,4389
1413,4419
1413,4438
1413,4459
1413,4488
1413,4489
1413,4505
1413,4531
1413,4532
1413,4699
1413,4763
1418,1996
1418,2379
1418,2381
1418,2667
1418,2698
1418,3023
1418,3046
1418,3069
1418,3164
1418,3174
1418,4063
1418,4072
1418,4075
1418,4090
1418,4092
1418,4094
1418,4096
1418,4099
1418,4104
1418,4111
1418,4118
1418,4121
1418,4126
1418,4130
1418,4132
1418,4133
1418,4136
1418,4140
1418,4152
1418,4160
1418,4173
1418,4175
1418,4197
1418,4212
1418,4228
1418,4257
1418,4265
1418,4268
1418,4429
1418,4435
1418,4504
1418,4593
1418,4689
1418,4699
1418,4703
1418,4749
1418,4753
1418,4770
1419,3035
1419,3062
1419,3161
1419,4365
1419,4372
1419,4381
1419,4430
2698,3000
2698,3023
2698,3035
2698,3044
2698,3062
2698,3072
2698,3164
2698,4071
2698,4072
2698,4089
2698,4092
2698,4099
2698,4116
2698,4118
2698,4121
2698,4126
2698,4145
2698,4160
2698,4173
2698,4175
2698,4197
2698,4202
2698,4223
2698,4228
2698,4264
2698,4265
2698,4699
4265,4266
4265,4365
4265,4572
4265,4861
4341,4391
4341,4392
4342,4392
4342,4398
4343,4357
4343,4364
4343,4365
4343,4379
4343,4380
4343,4382
4343,4399
4344,4351
4344,4356
4344,4358
4344,4359
4344,4363
4344,4369
4344,4374
4345,4352
4345,4354
4345,4356
4345,4378
4345,4384
4346,4400
4348,4375
4348,4745
4349,4372
4349,4381
4349,4389
4350,4353
4350,4358
4350,4387
4351,4358
4351,4362
4351,4373
4351,4374
4351,4384
4351,4392
4352,4354
4352,4356
4352,4359
4352,4376
4352,4378
4352,4384
4352,4385
4352,4386
4352,4393
4353,4358
4353,4387
4354,4356
4354,4359
4354,4376
4354,4378
4354,4384
4354,4385
4354,4393
4354,4686
4355,4392
4355,4650
4356,4359
4356,4363
4356,4370
4356,4376
4356,4378
4356,4384
4356,4385
4356,4393
4357,4361
4357,4373
4357,4394
4357,4397
4358,4362
4358,4367
4358,4373
4358,4374
4358,4384
4359,4363
4359,4376
4359,4378
4359,4384
4359,4385
4359,4386
4359,4393
4359,4929
4363,4370
4366,4367
4366,4373
4366,4377
4366,4390
4366,4392
4367,4384
4367,4387
4367,4398
4368,4382
4369,4370
4369,4376
4370,4376
4372,4381
4372,4383
4372,4389
4372,4532
4373,4384
4374,4384
4376,4378
4376,4384
4376,4393
4377,4390
4377,4400
4378,4384
4378,4393
4380,4696
4381,4383
4381,4388
4381,4389
4381,4429
4381,4504
4381,4699
4383,4389
4383,4390
4383,4459
4383,4572
4383,4682
4383,4699
4383,4856
4384,4385
4384,4386
4384,4393
4385,4386
4385,4388
4385,4393
4386,4393
4389,4459
4390,4414
4390,4459
4391,4392
4392,4398
14,26
14,30
14,35
14,36
14,40
14,52
14,71
14,75
14,82
14,892
14,897
14,899
14,900
14,907
14,912
14,913
14,920
14,921
14,934
14,952
14,956
14,960
14,966
14,2260
14,2293
14,2586
14,3987
14,3988
14,3989
14,3990
14,3991
14,3992
14,3993
14,3994
14,3995
14,3996
14,3997
14,3998
14,3999
14,4000
14,4001
14,4002
14,4003
14,4004
14,4005
14,4006
14,4007
14,4008
14,4009
14,4010
14,4011
14,4012
14,4013
14,4014
14,4015
14,4016
14,4017
14,4018
14,4019
14,4020
14,4021
14,4022
14,4023
14,4024
14,4025
14,4026
14,4027
14,4028
14,4029
14,4030
14,4031
14,4032
14,4033
14,4034
14,4035
14,4036
14,4037
14,4038
14,4039
16,1477
16,2532
16,3186
16,3195
16,3218
16,3221
16,3226
16,3248
16,3265
16,3294
16,3296
16,3309
16,3310
16,3339
16,3347
16,3358
16,3365
16,3367
16,3399
16,3405
16,3421
16,3492
16,4692
17,2446
18,1649
19,23
19,28
19,31
19,34
19,39
19,49
19,50
19,51
19,53
19,69
19,76
19,79
19,356
19,371
19,382
19,403
19,440
19,443
19,474
19,475
19,499
19,516
19,536
19,598
19,1524
19,1526
19,1539
19,1541
19,1557
19,1561
19,1564
19,1568
19,1573
19,1583
19,1585
19,1602
19,1616
19,1624
19,1626
19,1638
19,1645
19,1646
19,1649
19,1658
19,1668
19,1682
19,1685
19,1703
19,1713
19,1721
19,1745
19,1746
19,1748
19,1750
19,2631
19,2635
19,2646
19,2647
19,2649
20,22
20,42
20,48
20,67
20,68
20,89
20,181
20,182
20,183
20,184
20,185
20,186
20,187
20,188
20,189
20,190
20,191
20,192
20,193
20,194
20,195
20,196
20,197
20,198
20,199
20,200
20,201
20,202
20,203
20,204
20,205
20,206
20,207
20,208
20,209
20,210
20,211
20,212
20,213
20,214
20,215
20,216
20,217
20,218
20,219
20,220
20,221
20,222
20,223
20,224
20,225
20,226
20,227
20,228
20,229
20,230
20,231
20,232
20,233
20,234
20,235
20,236
20,237
20,238
20,239
20,240
20,241
20,242
20,243
20,244
20,245
20,246
21,25
21,27
21,28
21,31
21,34
21,39
21,45
21,49
21,50
21,51
21,53
21,66
21,70
21,76
21,79
21,309
21,352
21,371
21,382
21,389
21,403
21,440
21,474
21,475
21,484
21,487
21,490
21,499
21,509
21,516
21,527
21,555
21,570
21,591
21,593
21,595
21,597
21,598
21,813
21,1541
21,1583
21,1586
21,1597
21,1599
21,1602
21,1618
21,1623
21,2045
21,2106
21,2109
21,2494
21,2548
21,2634
21,2636
21,4644
22,32
22,48
22,68
22,87
22,192
22,195
22,233
22,235
22,238
22,1420
22,1421
22,1422
22,1423
22,1424
22,1425
22,1426
22,1427
22,1428
22,1429
22,1430
22,1431
22,1432
22,1433
22,1434
22,1435
22,1436
22,1437
22,1438
22,1439
22,1440
22,1441
22,1442
22,1443
22,1444
22,1445
22,1446
22,1447
22,1448
22,1449
22,1450
22,1451
22,1452
22,1453
22,1454
22,1455
22,1456
22,1457
22,1458
22,1459
22,1460
22,1461
22,1462
22,1463
22,1464
22,1465
22,1466
22,1467
22,1468
22,1469
22,1470
22,1471
22,1472
22,1473
22,1474
22,1475
22,1476
22,1477
22,1478
22,1479
23,28
23,31
23,39
23,50
23,53
23,69
23,76
23,356
23,382
23,403
23,440
23,443
23,490
23,536
23,593
23,813
23,1524
23,1526
23,1539
23,1541
23,1557
23,1564
23,1568
23,1573
23,1583
23,1585
23,1616
23,1624
23,1626
23,1638
23,1640
23,1645
23,1646
23,1649
23,1658
23,1665
23,1668
23,1676
23,1677
23,1678
23,1679
23,1680
23,1681
23,1682
23,1683
23,1684
23,1685
23,1686
23,1687
23,1688
23,1689
23,1690
23,1691
23,1692
23,1693
23,1694
23,1695
23,1696
23,1697
23,1698
23,1699
23,1700
23,1701
23,1702
23,1703
23,1704
23,1705
23,1706
23,1707
23,1708
23,1709
23,1710
23,1711
23,1712
23,1713
23,1714
23,1715
23,1716
23,1717
23,1718
23,1719
23,1720
23,1721
23,1722
23,1723
23,1724
23,1725
23,1726
23,1727
23,1728
23,1729
23,1730
23,1731
23,1732
23,1733
23,1734
23,1735
23,1736
23,1737
23,1738
23,1739
23,1740
23,1741
23,1742
23,1743
23,1744
23,1745
23,1746
23,1747
23,1748
23,1749
23,1750
23,1751
23,1752
24,29
24,57
24,66
24,732
24,733
24,734
24,735
24,736
24,737
24,738
24,739
24,740
24,741
24,742
24,743
24,744
24,745
24,746
24,747
24,748
24,749
24,750
24,751
24,752
24,753
24,754
24,755
24,756
24,757
24,758
24,759
24,760
24,761
24,762
25,27
25,29
25,45
25,49
25,50
25,51
25,53
25,57
25,66
25,69
25,86
25,389
25,441
25,490
25,580
25,867
25,870
25,1559
25,1586
25,1602
25,1613
25,1954
25,2068
25,2494
25,4714
25,4715
25,4744
25,4755
25,4806
25,4823
26,30
26,36
26,40
26,52
26,71
26,109
26,565
26,736
26,892
26,893
26,894
26,895
26,896
26,897
26,898
26,899
26,900
26,901
26,902
26,903
26,904
26,905
26,906
26,907
26,908
26,909
26,910
26,911
26,912
26,913
26,914
26,915
26,916
26,917
26,918
26,919
26,920
26,921
26,922
26,923
26,924
26,925
26,926
26,927
26,928
26,929
26,930
26,931
26,932
26,933
26,934
26,935
26,936
26,937
26,938
26,939
26,940
26,941
26,942
26,943
26,944
26,945
26,946
26,947
26,948
26,949
26,950
26,951
26,952
26,953
26,954
26,955
26,956
26,957
26,958
26,959
26,960
26,961
26,962
26,963
26,964
26,965
26,966
26,967
26,968
26,969
26,970
26,971
26,972
26,973
26,974
26,975
26,976
27,49
27,50
27,51
27,53
27,66
27,86
27,441
27,1586
27,1602
27,1613
27,1931
27,1954
27,3426
27,4625
27,4715
27,4716
27,4748
27,4758
27,4776
27,4823
27,4887
28,31
28,34
28,39
28,49
28,50
28,70
28,200
28,265
28,266
28,267
28,268
28,269
28,270
28,271
28,272
28,273
28,274
28,275
28,276
28,277
28,278
28,279
28,280
28,281
28,282
28,283
28,284
28,285
28,286
28,287
28,288
28,289
28,290
28,291
28,292
28,293
28,294
28,295
28,296
28,297
28,298
28,299
28,300
28,301
28,302
28,303
28,304
28,305
28,306
28,307
28,308
28,309
28,310
28,311
28,312
28,313
28,314
28,315
28,316
28,317
28,318
28,319
28,320
28,321
28,322
28,323
28,324
28,325
28,326
28,327
28,328
28,329
28,330
28,331
28,332
28,333
28,334
28,335
28,336
28,337
28,338
28,339
28,340
28,341
28,342
28,343
28,344
28,345
28,346
28,347
28,348
28,349
28,350
28,351
28,352
28,353
28,354
28,355
28,356
28,357
28,358
28,359
28,360
28,361
28,362
28,363
28,364
28,365
28,366
28,367
28,368
28,369
28,370
28,371
28,372
28,373
28,374
28,375
28,376
28,377
28,378
28,379
28,380
28,381
28,382
28,383
28,384
28,385
28,386
28,387
28,388
28,389
28,390
28,391
28,392
28,393
28,394
28,395
28,396
28,397
28,398
28,399
28,400
28,401
28,402
28,403
28,404
28,405
28,406
28,407
28,408
28,409
28,410
28,411
28,412
28,413
28,414
28,415
28,416
28,417
28,418
28,419
28,420
28,421
28,422
28,423
28,424
28,425
28,426
28,427
28,428
28,429
28,430
28,431
28,432
28,433
28,434
28,435
28,436
28,437
28,438
28,439
28,440
28,441
28,442
28,443
28,444
28,445
28,446
28,447
28,448
28,449
28,450
28,451
28,452
28,453
28,454
28,455
28,456
28,457
28,458
28,459
28,460
28,461
28,462
28,463
28,464
28,465
28,466
28,467
28,468
28,469
28,470
28,471
28,472
28,473
28,474
28,475
28,476
28,477
28,478
28,479
28,480
28,481
28,482
28,483
28,484
28,485
28,486
28,487
28,488
28,489
28,490
28,491
28,492
28,493
28,494
28,495
28,496
28,497
28,498
28,499
28,500
28,501
28,502
28,503
28,504
28,505
28,506
28,507
28,508
28,509
28,510
28,511
28,512
28,513
28,514
28,515
28,516
28,517
28,518
28,519
28,520
28,521
28,522
28,523
28,524
28,525
28,526
28,527
28,528
28,529
28,530
28,531
28,532
28,533
28,534
28,535
28,536
28,537
28,538
28,539
28,540
28,541
28,542
28,543
28,544
28,545
28,546
28,547
28,548
28,549
28,550
28,551
28,552
28,553
28,554
28,555
28,556
28,557
28,558
28,559
28,560
28,561
28,562
28,563
28,564
28,565
28,566
28,567
28,568
28,569
28,570
28,571
28,572
28,573
28,574
28,575
28,576
28,577
28,578
28,579
28,580
28,581
28,582
28,583
28,584
28,585
28,586
28,587
28,588
28,589
28,590
28,591
28,592
28,593
28,594
28,595
28,596
28,597
28,598
29,45
29,51
29,57
29,66
29,70
29,78
29,732
29,753
29,761
29,839
29,884
29,1170
29,1559
29,1613
29,2344
29,2494
29,4677
29,4755
29,4780
30,40
30,52
30,71
30,75
30,93
30,94
30,95
30,96
30,97
30,98
30,99
30,100
30,101
30,102
30,103
30,104
30,105
30,106
30,107
30,108
30,109
30,110
30,111
30,112
30,113
30,114
30,115
30,116
30,117
31,34
31,39
31,45
31,49
31,50
31,53
31,69
31,70
31,76
31,79
31,356
31,371
31,382
31,389
31,403
31,440
31,474
31,475
31,500
31,509
31,527
31,536
31,1524
31,1526
31,1539
31,1541
31,1564
31,1568
31,1573
31,1583
31,1585
31,1602
31,1616
31,1624
31,1638
31,1645
31,1646
31,1649
31,1658
31,1665
31,1668
31,1685
31,1703
31,2106
31,2632
31,2634
31,3852
31,3853
31,3854
31,3855
31,3856
31,3857
31,3858
31,3859
31,3860
31,3861
31,3862
31,3863
31,3864
31,3865
31,3866
31,3867
31,3868
31,3869
31,3870
31,3871
31,3872
31,3873
31,3874
31,3875
31,3876
31,3877
31,3878
31,3879
31,3880
31,3881
31,3882
31,3883
31,3884
31,3885
31,3886
31,3887
31,3888
31,3889
31,3890
31,3891
31,3892
31,3893
31,3894
31,3895
31,3896
31,3897
31,3898
31,3899
31,3900
31,3901
31,3902
31,3903
31,3904
31,3905
31,3906
31,3907
31,3908
31,3909
31,3910
31,3911
31,3912
31,3913
31,3914
31,3915
31,3916
31,3917
31,3918
31,3919
31,3920
31,3921
31,3922
31,3923
31,3924
31,3925
31,3926
31,3927
31,3928
31,3929
31,3930
31,3931
31,3932
31,3933
31,3934
31,3935
31,3936
31,3937
31,3938
31,3939
31,3940
31,3941
31,3942
31,3943
31,3944
31,3945
31,3946
31,3947
31,3948
31,3949
31,3950
31,3951
31,3952
31,3953
31,3954
31,3955
31,3956
31,3957
31,3958
31,3959
31,3960
31,3961
31,3962
31,3963
31,3964
31,3965
31,3966
31,3967
31,3968
31,3969
31,3970
31,3971
31,3972
31,3973
31,3974
31,3975
31,3976
31,3977
31,3978
31,3979
31,3980
31,3981
31,3982
31,3983
31,3984
31,3985
31,3986
32,42
32,48
32,68
32,190
32,231
32,2223
32,2440
32,2441
32,2442
32,2443
32,2444
32,2445
32,2446
32,2447
32,2448
32,2449
32,2450
32,2451
32,2452
32,2453
32,2454
32,2455
32,2456
32,2457
32,2458
32,2459
32,2460
32,2461
32,2462
32,2463
32,2464
32,2465
32,2466
32,2467
32,2468
32,2469
32,2470
32,2471
32,2472
32,2473
32,2474
32,2475
32,2476
32,2477
32,2478
32,2479
32,2480
32,2481
32,2482
32,2483
32,2484
32,2485
32,2486
32,2487
32,2488
32,2489
32,2490
32,2491
33,1753
33,1754
33,1755
33,1756
33,1757
33,1758
33,1759
33,1760
33,1761
33,1762
33,1763
33,1764
33,1765
33,1766
33,1767
33,1768
33,1769
33,1770
33,1771
33,1772
33,1773
33,1774
33,1775
33,1776
33,1777
33,1778
33,1779
33,1780
33,1781
33,1782
33,1783
33,1784
33,1785
34,39
34,45
34,49
34,50
34,53
34,66
34,70
34,76
34,79
34,279
34,282
34,290
34,294
34,304
34,309
34,317
34,338
34,339
34,346
34,351
34,371
34,377
34,382
34,389
34,403
34,404
34,440
34,442
34,443
34,463
34,474
34,475
34,484
34,487
34,490
34,509
34,516
34,524
34,527
34,537
34,542
34,555
34,557
34,570
34,593
34,595
34,597
34,598
34,870
34,881
34,1559
34,1583
34,1602
34,1616
34,1618
34,1655
34,1668
34,1703
34,1748
34,1830
34,1831
34,1832
34,1833
34,1834
34,1835
34,1836
34,1837
34,1838
34,1839
34,1840
34,1841
34,1842
34,1843
34,1844
34,1845
34,1846
34,1847
34,1848
34,1849
34,1850
34,1851
34,1852
34,1853
34,1854
34,1855
34,1856
34,1857
34,1858
34,1859
34,1860
34,1861
34,1862
34,1863
34,1864
34,1865
34,1866
34,1867
34,1868
34,1869
34,1870
34,1871
34,1872
34,1873
34,1874
34,1875
34,1876
34,1877
34,1878
34,1879
34,1880
34,1881
34,1882
34,1883
34,1884
34,1885
34,1886
34,1887
34,1888
34,1889
34,1890
34,1891
34,1892
34,1893
34,1894
34,1895
34,1896
34,1897
34,1898
34,1899
34,1900
34,1901
34,1902
34,1903
34,1904
34,1905
34,1906
34,1907
34,1908
34,1909
34,1910
34,1911
34,1912
34,1913
34,1914
34,1915
34,1916
34,1917
34,1918
34,1919
34,1920
34,1921
34,1922
34,1923
34,1924
34,1925
34,1926
34,1927
34,1928
34,1929
34,1930
34,1931
34,1932
34,1933
34,1934
34,1935
34,1936
34,1937
34,1938
34,1939
34,1940
34,1941
34,1942
34,1943
34,1944
34,1945
34,1946
34,1947
34,1948
34,1949
34,1950
34,1951
34,1952
34,1953
34,1954
34,1955
34,1956
34,1957
34,1958
34,1959
34,1960
34,1961
34,1962
34,1963
34,1964
34,1965
34,1966
34,1967
34,1968
34,1969
34,1970
34,1971
34,1972
34,1973
34,1974
34,1975
34,1976
34,1977
34,1978
34,1979
34,1980
34,1981
34,1982
34,1983
34,1984
34,1985
34,1986
34,1987
34,1988
34,1989
34,1990
34,1991
34,1992
34,1993
34,1994
34,1995
34,1996
34,1997
34,1998
34,1999
34,2000
34,2001
34,2002
34,2003
34,2004
34,2005
34,2006
34,2007
34,2008
34,2009
34,2010
34,2011
34,2012
34,2013
34,2014
34,2015
34,2016
34,2017
34,2018
34,2019
34,2020
34,2021
34,2022
34,2023
34,2024
34,2025
34,2026
34,2027
34,2028
34,2029
34,2030
34,2031
34,2032
34,2033
34,2034
34,2035
34,2036
34,2037
34,2038
34,2039
34,2040
34,2041
34,2042
34,2043
34,2044
34,2045
34,2046
34,2047
34,2048
34,2049
34,2050
34,2051
34,2052
34,2053
34,2054
34,2055
34,2056
34,2057
34,2058
34,2059
34,2060
34,2061
34,2062
34,2063
34,2064
34,2065
34,2066
34,2067
34,2068
34,2069
34,2070
34,2071
34,2072
34,2073
34,2074
34,2075
34,2076
34,2077
34,2078
34,2079
34,2080
34,2081
34,2082
34,2083
34,2084
34,2085
34,2086
34,2087
34,2088
34,2089
34,2090
34,2091
34,2092
34,2093
34,2094
34,2095
34,2096
34,2097
34,2098
34,2099
34,2100
34,2101
34,2102
34,2103
34,2104
34,2105
34,2106
34,2107
34,2108
34,2109
34,2110
34,2111
34,2112
34,2113
34,2114
34,2115
34,2116
34,2117
34,2118
34,2119
34,2120
34,2121
34,2122
34,2123
34,2124
34,2125
34,2126
34,2127
34,2128
34,2129
34,2130
34,2131
34,2132
34,2133
34,2134
34,2135
34,2136
34,2137
34,2138
34,2139
34,2140
34,2141
34,2142
34,2143
34,2144
34,2145
34,2146
34,2147
34,2148
34,2149
34,2150
34,2151
34,2152
34,2153
34,2154
34,2155
34,2156
34,2157
34,2158
34,2159
34,2160
34,2161
34,2162
34,2163
34,2164
34,2165
34,2166
34,2167
34,2168
34,2169
34,2170
34,2171
34,2172
34,2173
34,2174
34,2175
34,2176
34,2177
34,2178
34,2179
34,2180
34,2181
34,2182
34,2183
34,2184
34,2185
34,2186
34,2187
34,2188
34,2189
34,2190
34,2191
34,2192
34,2193
34,2194
34,2195
34,2196
34,2197
34,2198
34,2199
34,2200
34,2201
34,2202
34,2203
34,2204
35,75
35,1145
35,1146
35,1147
35,1148
35,1149
35,1150
35,1151
35,1152
35,1153
35,1154
35,1155
35,1156
35,1157
36,40
36,52
36,71
36,75
36,247
36,248
36,249
36,250
36,251
36,252
36,253
36,254
36,255
36,256
36,257
36,258
36,259
36,260
36,261
36,262
36,263
36,264
37,44
37,47
37,54
37,59
37,60
37,72
37,74
37,80
37,81
37,173
37,175
37,176
37,177
37,180
37,675
37,677
37,678
37,768
37,773
37,777
37,789
37,792
37,794
37,795
37,798
37,802
37,803
37,828
37,849
37,1002
37,1006
37,1026
37,1053
37,1158
37,1162
37,1413
37,1415
37,2667
37,2686
37,3044
37,3046
37,3063
37,4072
37,4099
37,4111
37,4133
37,4532
37,4699
37,4735
37,4763
38,45
38,73
38,638
38,643
38,773
38,1786
38,1787
38,1788
38,1789
38,1790
38,1791
38,1792
38,1793
38,1794
38,1795
38,1796
38,1797
38,1798
38,1799
38,1800
38,1801
38,1802
38,1803
38,1804
38,1805
38,1806
38,1807
38,1808
38,1809
38,1810
38,1811
38,1812
38,1813
38,1814
38,1815
38,1816
38,1817
38,1818
38,1819
38,1820
38,1821
38,1822
38,1823
38,1824
38,1825
38,1826
38,1827
38,1828
38,1829
39,49
39,50
39,51
39,53
39,66
39,69
39,76
39,356
39,371
39,382
39,403
39,440
39,475
39,509
39,516
39,536
39,712
39,862
39,1524
39,1526
39,1539
39,1541
39,1557
39,1561
39,1564
39,1568
39,1573
39,1583
39,1585
39,1602
39,1616
39,1624
39,1626
39,1638
39,1645
39,1646
39,1649
39,1655
39,1658
39,1665
39,1668
39,1682
39,1685
39,1697
39,1703
39,1746
39,1748
39,1750
39,1844
39,1848
39,1889
39,1895
39,1930
39,2045
39,2188
39,2631
39,2632
39,2634
39,2635
39,2636
39,2646
39,2647
39,3269
39,3289
39,3394
39,3778
39,3984
39,4282
39,4718
39,4890
40,52
40,71
40,75
40,82
40,91
40,565
40,892
40,896
40,897
40,900
40,903
40,904
40,907
40,912
40,913
40,916
40,920
40,921
40,934
40,935
40,942
40,952
40,960
40,966
40,1348
40,3988
40,3993
40,3998
40,3999
40,4005
40,4010
40,4016
40,4018
40,4019
40,4021
40,4023
40,4028
40,4029
40,4032
40,4039
40,4270
40,4271
40,4272
40,4273
40,4274
40,4275
40,4276
40,4277
40,4278
40,4279
40,4280
40,4281
40,4282
40,4283
40,4284
40,4285
40,4286
40,4287
40,4288
40,4289
40,4290
40,4291
40,4292
40,4293
40,4294
40,4295
40,4296
40,4297
40,4298
40,4299
40,4300
40,4301
40,4302
40,4303
40,4304
40,4305
40,4306
40,4307
40,4308
40,4309
40,4310
40,4311
40,4312
40,4313
40,4314
40,4315
40,4316
40,4317
40,4318
40,4319
40,4320
40,4321
40,4322
40,4323
40,4324
40,4325
40,4326
40,4327
40,4328
40,4329
40,4330
40,4331
40,4332
40,4333
40,4334
40,4335
40,4336
40,4337
40,4338
40,4339
40,4340
41,180
41,665
41,678
41,826
41,982
41,985
41,1021
41,1026
41,1034
41,1041
41,1043
41,1047
41,1053
41,1054
41,1058
41,1086
41,1162
41,1194
41,1200
41,1414
41,1418
41,2384
41,2698
41,2999
41,3000
41,3001
41,3002
41,3003
41,3004
41,3005
41,3006
41,3007
41,3008
41,3009
41,3010
41,3011
41,3012
41,3013
41,3014
41,3015
41,3016
41,3017
41,3018
41,3019
41,3020
41,3021
41,3022
41,3023
41,3024
41,3025
41,3026
41,3027
41,3028
41,3029
41,3030
41,3031
41,3032
41,3033
41,3034
41,3035
41,3036
41,3037
41,3038
41,3039
41,3040
41,3041
41,3042
41,3043
41,3044
41,3045
41,3046
41,3047
41,3048
41,3049
41,3050
41,3051
41,3052
41,3053
41,3054
41,3055
41,3056
41,3057
41,3058
41,3059
41,3060
41,3061
41,3062
41,3063
41,3064
41,3065
41,3066
41,3067
41,3068
41,3069
41,3070
41,3071
41,3072
41,3073
41,3074
41,3075
41,3076
41,3077
41,3078
41,3079
41,3080
41,3081
41,3082
41,3083
41,3084
41,3085
41,3086
41,3087
41,3088
41,3089
41,3090
41,3091
41,3092
41,3093
41,3094
41,3095
41,3096
41,3097
41,3098
42,48
42,65
42,67
42,68
42,89
42,190
42,207
42,211
42,2225
42,2227
42,2461
43,198
43,3159
45,47
45,51
45,53
45,57
45,66
45,69
45,70
45,79
45,309
45,509
45,652
45,735
45,738
45,753
45,767
45,812
45,813
45,814
45,815
45,816
45,817
45,818
45,819
45,820
45,821
45,822
45,823
45,824
45,825
45,826
45,827
45,828
45,829
45,830
45,831
45,832
45,833
45,834
45,835
45,836
45,837
45,838
45,839
45,840
45,841
45,842
45,843
45,844
45,845
45,846
45,847
45,848
45,849
45,850
45,851
45,852
45,853
45,854
45,855
45,856
45,857
45,858
45,859
45,860
45,861
45,862
45,863
45,864
45,865
45,866
45,867
45,868
45,869
45,870
45,871
45,872
45,873
45,874
45,875
45,876
45,877
45,878
45,879
45,880
45,881
45,882
45,883
45,884
45,885
45,886
45,887
45,888
46,53
46,86
46,3099
46,3100
46,3101
46,3102
46,3103
46,3104
46,3105
46,3106
46,3107
46,3108
46,3109
46,3110
46,3111
46,3112
46,3113
46,3114
46,3115
46,3116
46,3117
46,3118
46,3119
46,3120
46,3121
46,3122
46,3123
46,3124
46,3125
46,3126
46,3127
46,3128
46,3129
46,3130
46,3131
46,3132
46,3133
46,3134
46,3135
46,3136
46,3137
46,3138
46,3139
46,3140
46,3141
46,3142
46,3143
46,3144
46,3145
46,3146
46,3147
46,3148
46,3149
46,3150
46,3151
46,3152
47,54
47,56
47,59
47,180
47,654
47,673
47,675
47,677
47,678
47,791
47,795
47,798
47,817
47,828
47,871
47,982
47,986
47,1016
47,1021
47,1047
47,1053
47,1061
47,1162
47,1169
47,1190
47,1194
47,1201
47,1411
47,1416
47,2381
47,2686
47,3041
47,4094
47,4111
47,4435
48,67
48,68
48,89
48,190
48,198
48,207
48,211
48,217
48,233
48,234
48,1426
48,1441
48,2223
48,2461
48,3158
49,50
49,51
49,53
49,69
49,70
49,78
49,199
49,309
49,352
49,356
49,371
49,382
49,389
49,403
49,474
49,475
49,487
49,490
49,499
49,509
49,527
49,570
49,591
49,593
49,597
49,813
49,862
49,867
49,873
49,1525
49,1557
49,1583
49,1585
49,1597
49,1599
49,1602
49,1618
49,2045
49,2059
49,2106
49,2631
49,2632
49,2649
49,2765
49,3856
49,4637
50,51
50,53
50,66
50,69
50,70
50,76
50,78
50,356
50,371
50,382
50,440
50,474
50,475
50,490
50,527
50,536
50,570
50,813
50,1524
50,1525
50,1526
50,1527
50,1528
50,1529
50,1530
50,1531
50,1532
50,1533
50,1534
50,1535
50,1536
50,1537
50,1538
50,1539
50,1540
50,1541
50,1542
50,1543
50,1544
50,1545
50,1546
50,1547
50,1548
50,1549
50,1550
50,1551
50,1552
50,1553
50,1554
50,1555
50,1556
50,1557
50,1558
50,1559
50,1560
50,1561
50,1562
50,1563
50,1564
50,1565
50,1566
50,1567
50,1568
50,1569
50,1570
50,1571
50,1572
50,1573
50,1574
50,1575
50,1576
50,1577
50,1578
50,1579
50,1580
50,1581
50,1582
50,1583
50,1584
50,1585
50,1586
50,1587
50,1588
50,1589
50,1590
50,1591
50,1592
50,1593
50,1594
50,1595
50,1596
50,1597
50,1598
50,1599
50,1600
50,1601
50,1602
50,1603
50,1604
50,1605
50,1606
50,1607
50,1608
50,1609
50,1610
50,1611
50,1612
50,1613
50,1614
50,1615
50,1616
50,1617
50,1618
50,1619
50,1620
50,1621
50,1622
50,1623
50,1624
50,1625
50,1626
50,1627
50,1628
50,1629
50,1630
50,1631
50,1632
50,1633
50,1634
50,1635
50,1636
50,1637
50,1638
50,1639
50,1640
50,1641
50,1642
50,1643
50,1644
50,1645
50,1646
50,1647
50,1648
50,1649
50,1650
50,1651
50,1652
50,1653
50,1654
50,1655
50,1656
50,1657
50,1658
50,1659
50,1660
50,1661
50,1662
50,1663
50,1664
50,1665
50,1666
50,1667
50,1668
50,1669
50,1670
50,1671
50,1672
50,1673
50,1674
50,1675
51,53
51,69
51,70
51,86
51,382
51,441
51,475
51,735
51,870
51,1583
51,1602
51,1613
51,1624
51,1649
51,2494
51,4677
51,4714
51,4715
51,4744
51,4806
51,4882
51,4887
52,71
52,75
52,1623
53,57
53,66
53,69
53,76
53,79
53,86
53,309
53,371
53,389
53,403
53,441
53,475
53,490
53,509
53,527
53,753
53,813
53,817
53,826
53,839
53,847
53,861
53,867
53,871
53,874
53,881
53,982
53,986
53,990
53,1014
53,1043
53,1053
53,1071
53,1078
53,1160
53,1172
53,1526
53,1559
53,1573
53,1602
53,1613
53,1685
53,1848
53,1961
53,1996
53,2045
53,2109
53,2225
53,2494
53,2655
53,3013
53,3017
53,3035
53,3041
53,3046
53,3048
53,3052
53,3055
53,3062
53,3071
53,3072
53,3075
53,3085
53,3162
53,3259
53,4035
53,4075
53,4090
53,4102
53,4104
53,4106
53,4122
53,4130
53,4132
53,4138
53,4160
53,4189
53,4207
53,4227
53,4228
53,4245
53,4252
53,4263
53,4418
53,4456
53,4556
53,4557
53,4558
53,4559
53,4560
53,4561
53,4562
53,4563
53,4564
53,4565
53,4566
53,4567
53,4568
53,4569
53,4570
53,4571
53,4572
53,4573
53,4574
53,4575
53,4576
53,4577
53,4578
53,4579
53,4580
53,4581
53,4582
53,4583
53,4584
53,4585
53,4586
53,4587
53,4588
53,4589
53,4590
53,4591
53,4592
53,4593
53,4594
53,4595
53,4596
53,4597
53,4598
53,4599
53,4600
53,4601
53,4602
53,4603
53,4604
53,4605
53,4606
53,4607
53,4608
53,4609
53,4610
53,4611
53,4612
53,4613
53,4614
53,4615
53,4616
53,4617
53,4618
53,4619
53,4620
53,4621
53,4622
53,4623
53,4624
53,4625
53,4626
53,4627
53,4628
53,4629
53,4630
53,4631
53,4632
53,4633
53,4634
53,4635
53,4636
53,4637
53,4638
53,4639
53,4640
53,4641
53,4642
53,4643
53,4644
53,4645
53,4646
53,4647
53,4648
53,4649
53,4650
53,4651
53,4652
53,4653
53,4654
53,4655
53,4656
53,4657
53,4658
53,4659
53,4660
53,4661
53,4662
53,4663
53,4664
53,4665
53,4666
53,4667
53,4668
53,4669
53,4670
53,4671
53,4672
53,4673
53,4674
53,4675
53,4676
53,4677
53,4678
53,4679
53,4680
53,4681
53,4682
53,4683
53,4684
53,4685
53,4686
53,4687
53,4688
53,4689
53,4690
53,4691
53,4692
53,4693
53,4694
53,4695
53,4696
53,4697
53,4698
53,4699
53,4700
53,4701
53,4702
53,4703
53,4704
53,4705
53,4706
53,4707
53,4708
53,4709
53,4710
53,4711
53,4712
53,4713
53,4714
53,4715
53,4716
53,4717
53,4718
53,4719
53,4720
53,4721
53,4722
53,4723
53,4724
53,4725
53,4726
53,4727
53,4728
53,4729
53,4730
53,4731
53,4732
53,4733
53,4734
53,4735
53,4736
53,4737
53,4738
53,4739
53,4740
53,4741
53,4742
53,4743
53,4744
53,4745
53,4746
53,4747
53,4748
53,4749
53,4750
53,4751
53,4752
53,4753
53,4754
53,4755
53,4756
53,4757
53,4758
53,4759
53,4760
53,4761
53,4762
53,4763
53,4764
53,4765
53,4766
53,4767
53,4768
53,4769
53,4770
53,4771
53,4772
53,4773
53,4774
53,4775
53,4776
53,4777
53,4778
53,4779
53,4780
53,4781
53,4782
53,4783
53,4784
53,4785
53,4786
53,4787
53,4788
53,4789
53,4790
53,4791
53,4792
53,4793
53,4794
53,4795
53,4796
53,4797
53,4798
53,4799
53,4800
53,4801
53,4802
53,4803
53,4804
53,4805
53,4806
53,4807
53,4808
53,4809
53,4810
53,4811
53,4812
53,4813
53,4814
53,4815
53,4816
53,4817
53,4818
53,4819
53,4820
53,4821
53,4822
53,4823
53,4824
53,4825
53,4826
53,4827
53,4828
53,4829
53,4830
53,4831
53,4832
53,4833
53,4834
53,4835
53,4836
53,4837
53,4838
53,4839
53,4840
53,4841
53,4842
53,4843
53,4844
53,4845
53,4846
53,4847
53,4848
53,4849
53,4850
53,4851
53,4852
53,4853
53,4854
53,4855
53,4856
53,4857
53,4858
53,4859
53,4860
53,4861
53,4862
53,4863
53,4864
53,4865
53,4866
53,4867
53,4868
53,4869
53,4870
53,4871
53,4872
53,4873
53,4874
53,4875
53,4876
53,4877
53,4878
53,4879
53,4880
53,4881
53,4882
53,4883
53,4884
53,4885
53,4886
53,4887
53,4888
53,4889
53,4890
53,4891
53,4991
54,56
54,74
54,652
54,675
54,795
54,817
54,1040
54,1057
54,1065
54,1068
54,1199
54,1410
54,1411
54,1412
54,1413
54,1414
54,1415
54,1416
54,1417
54,1418
54,1419
55,229
55,2212
55,2556
55,3180
55,3181
55,3182
55,3183
55,3184
55,3185
55,3186
55,3187
55,3188
55,3189
55,3190
55,3191
55,3192
55,3193
55,3194
55,3195
55,3196
55,3197
55,3198
55,3199
55,3200
55,3201
55,3202
55,3203
55,3204
55,3205
55,3206
55,3207
55,3208
55,3209
55,3210
55,3211
55,3212
55,3213
55,3214
55,3215
55,3216
55,3217
55,3218
55,3219
55,3220
55,3221
55,3222
55,3223
55,3224
55,3225
55,3226
55,3227
55,3228
55,3229
55,3230
55,3231
55,3232
55,3233
55,3234
55,3235
55,3236
55,3237
55,3238
55,3239
55,3240
55,3241
55,3242
55,3243
55,3244
55,3245
55,3246
55,3247
55,3248
55,3249
55,3250
55,3251
55,3252
55,3253
55,3254
55,3255
55,3256
55,3257
55,3258
55,3259
55,3260
55,3261
55,3262
55,3263
55,3264
55,3265
55,3266
55,3267
55,3268
55,3269
55,3270
55,3271
55,3272
55,3273
55,3274
55,3275
55,3276
55,3277
55,3278
55,3279
55,3280
55,3281
55,3282
55,3283
55,3284
55,3285
55,3286
55,3287
55,3288
55,3289
55,3290
55,3291
55,3292
55,3293
55,3294
55,3295
55,3296
55,3297
55,3298
55,3299
55,3300
55,3301
55,3302
55,3303
55,3304
55,3305
55,3306
55,3307
55,3308
55,3309
55,3310
55,3311
55,3312
55,3313
55,3314
55,3315
55,3316
55,3317
55,3318
55,3319
55,3320
55,3321
55,3322
55,3323
55,3324
55,3325
55,3326
55,3327
55,3328
55,3329
55,3330
55,3331
55,3332
55,3333
55,3334
55,3335
55,3336
55,3337
55,3338
55,3339
55,3340
55,3341
55,3342
55,3343
55,3344
55,3345
55,3346
55,3347
55,3348
55,3349
55,3350
55,3351
55,3352
55,3353
55,3354
55,3355
55,3356
55,3357
55,3358
55,3359
55,3360
55,3361
55,3362
55,3363
55,3364
55,3365
55,3366
55,3367
55,3368
55,3369
55,3370
55,3371
55,3372
55,3373
55,3374
55,3375
55,3376
55,3377
55,3378
55,3379
55,3380
55,3381
55,3382
55,3383
55,3384
55,3385
55,3386
55,3387
55,3388
55,3389
55,3390
55,3391
55,3392
55,3393
55,3394
55,3395
55,3396
55,3397
55,3398
55,3399
55,3400
55,3401
55,3402
55,3403
55,3404
55,3405
55,3406
55,3407
55,3408
55,3409
55,3410
55,3411
55,3412
55,3413
55,3414
55,3415
55,3416
55,3417
55,3418
55,3419
55,3420
55,3421
55,3422
55,3423
55,3424
55,3425
55,3426
55,3427
55,3428
55,3429
55,3430
55,3431
55,3432
55,3433
55,3434
55,3435
55,3436
55,3437
55,3438
55,3439
55,3440
55,3441
55,3442
55,3443
55,3444
55,3445
55,3446
55,3447
55,3448
55,3449
55,3450
55,3451
55,3452
55,3453
55,3454
55,3455
55,3456
55,3457
55,3458
55,3459
55,3460
55,3461
55,3462
55,3463
55,3464
55,3465
55,3466
55,3467
55,3468
55,3469
55,3470
55,3471
55,3472
55,3473
55,3474
55,3475
55,3476
55,3477
55,3478
55,3479
55,3480
55,3481
55,3482
55,3483
55,3484
55,3485
55,3486
55,3487
55,3488
55,3489
55,3490
55,3491
55,3492
55,3493
55,3494
55,3495
55,3496
55,3497
55,3498
55,3499
55,3500
55,3501
55,3502
55,3503
55,3504
55,3505
55,3506
55,3507
55,3508
55,3509
55,3510
55,3511
55,3512
55,3513
55,3514
55,3515
55,3516
55,3517
55,3518
55,3519
55,3520
55,3521
55,3522
55,3523
55,3524
55,3525
55,3526
55,3527
55,3528
55,3529
55,3530
55,3531
55,3532
55,3533
55,3534
55,3535
55,3536
55,3537
55,3538
55,3539
55,3540
55,3541
55,3542
56,62
56,180
56,653
56,678
56,738
56,753
56,791
56,986
56,991
56,1003
56,1021
56,1045
56,1047
56,1055
56,1057
56,1061
56,1068
56,1158
56,1159
56,1160
56,1161
56,1162
56,1163
56,1164
56,1165
56,1166
56,1167
56,1168
56,1169
56,1170
56,1171
56,1172
56,1173
56,1174
56,1175
56,1176
56,1177
56,1178
56,1179
56,1180
56,1181
56,1182
56,1183
56,1184
56,1185
56,1186
56,1187
56,1188
56,1189
56,1190
56,1191
56,1192
56,1193
56,1194
56,1195
56,1196
56,1197
56,1198
56,1199
56,1200
56,1201
56,1202
56,1203
56,1204
56,1205
56,1206
56,1207
56,1208
56,1209
56,1210
57,66
57,86
57,735
57,813
57,839
57,884
57,2494
57,4755
57,4780
58,935
58,2334
58,3543
58,3544
58,3545
58,3546
58,3547
58,3548
58,3549
58,3550
58,3551
58,3552
58,3553
58,3554
58,3555
58,3556
58,3557
58,3558
58,3559
58,3560
58,3561
58,3562
58,3563
58,3564
58,3565
58,3566
58,3567
58,3568
58,3569
58,3570
58,3571
58,3572
58,3573
58,3574
58,3575
58,3576
58,3577
58,3578
58,3579
58,3580
58,3581
58,3582
58,3583
58,3584
58,3585
58,3586
58,3587
58,3588
58,3589
58,3590
58,3591
58,3592
58,3593
58,3594
58,3595
58,3596
58,3597
58,3598
58,3599
58,3600
58,3601
58,3602
58,3603
58,3604
58,3605
58,3606
58,3607
58,3608
58,3609
58,3610
58,3611
58,3612
58,3613
58,3614
58,3615
58,3616
58,3617
58,3618
58,3619
58,3620
58,3621
58,3622
58,3623
58,3624
58,3625
58,3626
58,3627
58,3628
58,3629
58,3630
58,3631
58,3632
58,3633
58,3634
58,3635
58,3636
58,3637
58,3638
58,3639
58,3640
58,3641
58,3642
58,3643
58,3644
58,3645
58,3646
58,3647
58,3648
58,3649
58,3650
58,3651
58,3652
58,3653
58,3654
58,3655
58,3656
58,3657
58,3658
58,3659
58,3660
58,3661
58,3662
58,3663
58,3664
58,3665
58,3666
58,3667
58,3668
58,3669
58,3670
58,3671
58,3672
58,3673
58,3674
58,3675
58,3676
58,3677
58,3678
58,3679
58,3680
58,3681
58,3682
58,3683
58,3684
58,3685
58,3686
58,3687
58,3688
58,3689
58,3690
58,3691
58,3692
58,3693
58,3694
58,3695
58,3696
58,3697
58,3698
58,3699
58,3700
58,3701
58,3702
58,3703
58,3704
58,3705
58,3706
58,3707
58,3708
58,3709
58,3710
58,3711
58,3712
58,3713
58,3714
58,3715
58,3716
58,3717
58,3718
58,3719
58,3720
58,3721
58,3722
58,3723
58,3724
58,3725
58,3726
58,3727
58,3728
58,3729
58,3730
58,3731
58,3732
58,3733
58,3734
58,3735
58,3736
59,74
59,173
59,176
59,177
59,652
59,763
59,764
59,765
59,766
59,767
59,768
59,769
59,770
59,771
59,772
59,773
59,774
59,775
59,776
59,777
59,778
59,779
59,780
59,781
59,782
59,783
59,784
59,785
59,786
59,787
59,788
59,789
59,790
59,791
59,792
59,793
59,794
59,795
59,796
59,797
59,798
59,799
59,800
59,801
59,802
59,803
59,804
59,805
59,806
59,807
59,808
59,809
59,810
59,811
61,329
61,2209
61,2210
61,2212
61,2215
61,2216
61,2501
61,3220
61,3283
61,3485
61,4810
64,80
64,81
64,614
64,616
64,617
64,618
64,622
64,623
64,624
64,625
64,626
64,630
64,631
64,633
64,2656
64,2658
64,2660
64,2661
64,2662
64,2663
64,2669
64,2670
64,2673
64,2674
64,2675
64,2676
64,2677
64,2678
64,2680
64,2682
64,2683
64,2685
64,2690
64,2692
64,2695
64,2700
64,2701
65,68
65,84
65,89
65,168
65,169
65,170
65,190
65,193
65,207
65,217
65,218
65,219
65,244
65,2461
66,70
66,79
66,509
66,735
66,813
66,839
66,1559
66,1863
66,1868
66,1872
66,1873
66,1880
66,1932
66,1947
66,1971
66,1982
66,1990
66,1996
66,1997
66,2012
66,2053
66,2092
66,2131
66,2143
66,2166
66,2170
66,2175
66,2176
66,3374
66,4416
66,4938
68,84
68,89
68,168
68,170
68,183
68,190
68,192
68,193
68,198
68,213
68,215
68,217
68,218
68,219
68,228
68,230
68,244
68,1439
68,1441
68,2225
68,2226
68,2461
68,2480
68,3178
69,70
69,76
69,356
69,382
69,440
69,500
69,536
69,813
69,1524
69,1526
69,1539
69,1541
69,1544
69,1557
69,1564
69,1568
69,1573
69,1583
69,1585
69,1613
69,1616
69,1624
69,1626
69,1638
69,1645
69,1646
69,1649
69,1658
69,1665
69,1668
69,1685
69,1697
69,1703
69,1713
69,1721
69,1750
69,2639
69,2647
69,3977
69,3981
69,4061
69,4644
69,4715
70,389
70,527
70,555
70,813
70,1525
70,1586
70,1597
70,1661
71,92
71,254
71,599
71,600
71,601
71,602
71,603
71,604
71,605
71,606
71,607
71,608
71,609
71,610
71,611
71,612
71,613
73,634
73,635
73,636
73,637
73,638
73,639
73,640
73,641
73,642
73,643
73,644
73,645
73,646
75,94
75,99
75,102
75,106
75,107
75,110
75,1264
75,1328
75,2653
75,2654
75,3988
75,4016
75,4023
75,4028
76,356
76,382
76,403
76,440
76,536
76,1524
76,1526
76,1539
76,1541
76,1557
76,1564
76,1568
76,1583
76,1585
76,1613
76,1616
76,1624
76,1626
76,1638
76,1645
76,1646
76,1649
76,1658
76,1665
76,1668
76,1670
76,1684
76,1685
76,1703
76,1745
76,4060
76,4061
76,4062
77,2205
77,2206
77,2207
77,2208
77,2209
77,2210
77,2211
77,2212
77,2213
77,2214
77,2215
77,2216
77,2217
77,2218
77,2219
77,2220
77,2221
77,2222
78,735
78,1559
78,2492
78,2493
78,2494
79,309
79,371
79,403
79,475
79,487
79,500
79,509
79,536
79,881
79,1597
79,1599
79,1624
79,1655
79,1748
79,2045
79,2106
79,2630
79,2631
79,2632
79,2633
79,2634
79,2635
79,2636
79,2637
79,2638
79,2639
79,2640
79,2641
79,2642
79,2643
79,2644
79,2645
79,2646
79,2647
79,2648
79,2649
79,2650
80,81
80,175
80,614
80,615
80,616
80,617
80,618
80,619
80,620
80,621
80,622
80,623
80,624
80,625
80,626
80,627
80,628
80,629
80,630
80,631
80,632
80,633
82,91
83,709
83,710
83,711
83,712
83,713
83,714
83,715
83,716
83,717
83,718
83,719
83,720
83,721
83,722
83,723
83,724
83,725
83,726
83,727
83,728
83,729
83,730
83,731
84,167
84,168
84,169
84,170
84,171
84,172
85,202
86,441
86,4616
86,4677
86,4744
86,4755
86,4806
87,1421
87,1428
87,1445
87,1466
87,2226
88,3153
88,3154
89,183
89,190
89,2223
89,2224
89,2225
89,2226
89,2227
89,2228
1091,1093
1091,1101
1091,1107
1088,1090
1088,1094
1088,1095
1088,1098
1088,1100
1088,1103
1088,1104
1088,1105
1088,1109
1088,2380
1088,3032
1088,3333
1088,3461
1088,4103
1088,4135
1094,1095
1094,1096
1094,1098
1094,1102
1094,1103
1094,1104
1094,1105
1094,1109
1094,1110
1097,1104
1097,1105
1097,1109
1098,1099
1098,1101
1098,1102
1098,1103
1098,1104
1098,1105
1099,1100
1099,1104
1099,1105
1100,1102
1100,1103
1100,1104
1100,1105
1100,1109
1102,1106
1102,1107
1105,1109
1096,1098
1096,1101
1096,1103
1096,1109
1089,1092
1089,1095
1089,1096
1089,1101
1089,1103
892,907
892,921
892,934
892,1782
892,1995
892,2309
892,4039
892,4313
897,921
897,934
897,1989
897,3996
899,911
899,921
899,923
899,927
899,936
899,940
899,948
899,952
899,954
899,961
899,975
899,3996
899,4010
899,4012
900,903
900,907
900,913
900,921
900,939
900,952
900,1681
900,2120
900,2183
900,2293
900,2356
900,3992
900,3993
900,4037
900,4039
900,4276
900,4283
900,4583
907,912
907,913
907,921
907,934
907,939
907,940
907,952
907,960
907,969
907,2272
907,2293
907,3985
907,3993
907,3996
907,3998
907,4000
907,4022
907,4024
907,4037
907,4039
907,4283
907,4313
912,913
912,921
912,940
912,952
912,969
912,2293
912,2632
912,3993
912,3996
912,3998
912,4000
912,4005
912,4022
912,4024
912,4037
912,4039
912,4283
913,915
913,923
913,934
913,952
913,2293
913,3036
913,3993
913,3998
913,4022
913,4024
913,4038
920,921
920,922
920,973
921,927
921,934
921,939
921,940
921,946
921,948
921,949
921,952
921,954
921,961
921,975
921,976
921,2287
921,2293
921,3993
921,3998
921,4005
921,4023
921,4037
921,4039
921,4313
934,960
934,966
934,4039
934,4276
952,953
952,954
952,959
952,961
952,962
952,965
952,969
952,975
952,976
952,2265
952,2317
952,2364
952,2366
952,4022
960,966
960,2293
960,2333
960,4010
960,4023
960,4028
960,4276
966,3999
966,4010
966,4028
966,4276
966,4320
2260,2273
2260,2277
2260,2283
2260,2287
2260,2293
2260,2294
2260,2302
2260,3675
2260,3999
2260,4005
2260,4021
2260,4023
2260,4275
2260,4320
2293,2302
2293,2398
2293,3998
2293,3999
2293,4005
2293,4010
2293,4012
2293,4019
2293,4022
2293,4023
2293,4029
2293,4283
2293,4893
2586,3991
3987,3989
3987,3990
3987,3995
3987,3997
3987,4001
3987,4003
3987,4011
3987,4026
3987,4027
3987,4030
3987,4033
3988,3999
3988,4005
3988,4010
3988,4016
3988,4019
3988,4021
3988,4023
3988,4025
3988,4028
3988,4029
3988,4032
3989,3990
3989,3994
3989,3995
3989,4001
3989,4003
3989,4006
3989,4009
3989,4011
3989,4014
3989,4015
3989,4020
3989,4026
3989,4027
3989,4030
3989,4031
3989,4033
3989,4034
3989,4036
3990,3994
3990,3995
3990,3997
3990,4003
3990,4004
3990,4015
3990,4030
3990,4033
3990,4036
3991,3997
3991,4004
3991,4016
3991,4030
3993,3998
3993,4000
3993,4024
3993,4037
3993,4038
3993,4039
3993,4313
3994,3995
3994,4003
3994,4027
3994,4030
3994,4034
3994,4036
3995,3997
3995,4003
3995,4011
3995,4026
3995,4027
3995,4030
3995,4031
3995,4036
3996,4010
3996,4012
3996,4022
3997,4003
3997,4004
3997,4030
3997,4031
3997,4034
3997,4036
3998,4000
3998,4022
3998,4024
3998,4037
3998,4038
3998,4039
3998,4313
3999,4005
3999,4016
3999,4019
3999,4021
3999,4023
3999,4029
3999,4283
3999,4320
4000,4038
4000,4039
4000,4313
4001,4027
4001,4030
4001,4031
4001,4036
4002,4033
4003,4009
4003,4014
4003,4015
4003,4020
4003,4026
4003,4027
4003,4030
4003,4031
4003,4033
4003,4036
4003,4297
4004,4030
4005,4010
4005,4016
4005,4019
4005,4021
4005,4023
4005,4025
4005,4028
4005,4029
4005,4272
4005,4283
4005,4301
4005,4320
4006,4030
4007,4297
4007,4563
4007,4713
4009,4011
4009,4026
4009,4030
4010,4016
4010,4018
4010,4019
4010,4022
4010,4023
4010,4025
4010,4028
4010,4029
4010,4032
4010,4271
4010,4276
4010,4301
4010,4320
4011,4026
4011,4030
4011,4031
4011,4033
4012,4023
4012,4025
4012,4276
4015,4031
4015,4033
4015,4034
4015,4297
4016,4019
4016,4021
4016,4023
4016,4025
4016,4028
4016,4029
4016,4272
4016,4320
4017,4033
4018,4032
4019,4021
4019,4023
4019,4025
4019,4028
4019,4029
4019,4272
4019,4276
4019,4301
4019,4320
4020,4031
4020,4033
4021,4023
4021,4029
4021,4272
4021,4320
4022,4283
4023,4025
4023,4028
4023,4029
4023,4032
4023,4301
4023,4320
4024,4038
4025,4028
4025,4029
4025,4032
4025,4276
4025,4301
4026,4027
4026,4030
4026,4031
4026,4033
4026,4036
4027,4030
4027,4031
4027,4033
4027,4036
4028,4029
4028,4272
4028,4320
4029,4272
4029,4320
4030,4031
4030,4034
4030,4036
4034,4036
4035,4153
4035,4387
4035,4686
4035,4742
4035,4771
4035,4792
4035,4833
4035,4969
4037,4038
4037,4039
4037,4313
4038,4039
4038,4313
4039,4313
2817,2821
2817,2823
2817,2828
2817,2829
2817,2830
2817,2841
2819,2828
2819,2829
2819,2830
2819,2836
2819,2841
2820,2825
2820,2827
2820,2833
2820,2835
2820,2837
2820,2843
2820,2844
2821,2828
2821,2829
2821,2830
2821,2841
2821,2846
2822,2842
2823,2841
2825,2827
2825,2832
2825,2833
2825,2835
2825,2837
2825,2843
2825,4685
2826,2842
2826,2918
2826,4135
2827,2833
2827,2835
2827,2843
2827,2844
2827,3148
2828,2829
2828,2830
2828,2836
2828,2841
2828,2863
2829,2830
2829,2841
2829,2846
2830,2841
2830,2845
2830,2846
2831,2847
2833,2835
2833,2843
2833,3364
2833,3379
2833,4998
2835,2837
2835,2843
2835,2844
2836,2845
2837,3195
2837,4035
2837,4487
2843,2844
2446,2448
2446,2449
2446,2456
2446,2464
2446,2467
2446,2474
2446,3175
2446,4898
1649,1658
1649,1665
1649,1668
1649,1670
1649,1682
1649,1685
1649,1697
1649,1703
1649,1713
1649,1721
1649,1746
1649,1750
1649,2188
1649,2632
1649,2647
1649,3977
1649,3981
1649,4644
1649,4887
356,382
356,383
356,433
356,436
356,440
356,465
356,486
356,510
356,536
356,539
356,545
356,862
356,1524
356,1539
356,1557
356,1564
356,1568
356,1573
356,1585
356,1616
356,1624
356,1638
356,1649
356,1665
356,1668
356,1685
356,2351
356,2631
356,3984
371,382
371,389
371,403
371,474
371,475
371,487
371,490
371,509
371,516
371,555
371,570
371,593
371,597
371,813
371,1429
371,1525
371,1583
371,1585
371,1597
371,1599
371,1602
371,1616
371,1638
371,1646
371,1670
371,1713
371,1855
371,2059
371,2106
371,2631
371,3208
371,3248
371,3256
371,3259
371,3444
371,3852
371,3865
371,3880
371,3891
371,3905
371,3908
371,3926
371,3935
371,3960
371,3966
371,3972
371,3973
371,3983
371,4715
382,389
382,403
382,440
382,509
382,536
382,1524
382,1526
382,1557
382,1568
382,1573
382,1583
382,1585
382,1616
382,1624
382,1638
382,1645
382,1646
382,1649
382,1658
382,1665
382,1703
382,2122
382,2631
382,2632
382,2638
382,2661
382,2676
382,2970
382,3304
382,3480
382,4677
403,440
403,443
403,475
403,490
403,499
403,516
403,527
403,536
403,862
403,866
403,881
403,1568
403,1573
403,1585
403,1616
403,1624
403,1638
403,1646
403,1649
403,1665
403,1745
403,1748
403,2045
403,2106
403,2188
403,2631
403,2632
403,2636
403,2638
403,2642
403,2643
403,2644
403,2645
403,2646
403,2647
403,2648
403,2649
403,3977
403,4644
440,536
440,893
440,911
440,935
440,937
440,940
440,947
440,958
440,959
440,962
440,964
440,965
440,1305
440,1312
440,1526
440,1539
440,1541
440,1557
440,1568
440,1573
440,1583
440,1585
440,1616
440,1624
440,1626
440,1638
440,1645
440,1646
440,1649
440,1658
440,1665
440,1668
440,1685
440,1703
440,1713
440,1721
440,1745
440,1746
440,1750
440,2327
440,2339
440,2356
440,2364
440,2366
440,2372
440,2373
443,500
443,881
443,1748
443,1883
443,1933
443,2022
443,2045
443,2072
443,2106
443,2136
443,2188
443,2631
443,2635
443,2636
443,2642
443,2643
443,2646
443,2647
443,2649
443,4061
474,475
474,487
474,499
474,509
474,570
474,593
474,597
474,598
474,1844
475,487
475,495
475,499
475,509
475,516
475,570
475,591
475,593
475,597
475,598
475,881
475,1568
475,1597
475,1599
475,1602
475,1618
475,1646
475,1670
475,1748
475,2106
475,3460
475,4715
475,4887
499,509
499,516
499,570
499,593
499,598
499,1616
499,3977
516,555
516,593
516,597
516,1655
516,1668
516,1750
536,813
536,1524
536,1539
536,1541
536,1557
536,1564
536,1568
536,1573
536,1583
536,1585
536,1613
536,1616
536,1624
536,1626
536,1640
536,1646
536,1649
536,1658
536,1665
536,1668
536,1670
536,1685
536,1697
536,1702
536,1703
536,1713
536,1748
536,1750
536,2631
536,2647
536,2649
598,1670
1524,1526
1524,1539
1524,1541
1524,1557
1524,1564
1524,1568
1524,1583
1524,1585
1524,1616
1524,1624
1524,1638
1524,1646
1524,1649
1524,1658
1524,1665
1524,1668
1524,1685
1524,1949
1526,1539
1526,1561
1526,1564
1526,1568
1526,1583
1526,1585
1526,1616
1526,1624
1526,1626
1526,1638
1526,1646
1526,1649
1526,1658
1526,1665
1526,1668
1526,1685
1526,1703
1526,2397
1526,2423
1526,2425
1526,3919
1526,3984
1526,4715
1539,1541
1539,1557
1539,1561
1539,1568
1539,1573
1539,1583
1539,1616
1539,1624
1539,1626
1539,1646
1539,1649
1539,1658
1539,1668
1539,1685
1539,1703
1539,1745
1539,1889
1539,2631
1539,2632
1539,2647
1539,3981
1539,3984
1541,1568
1541,1573
1541,1583
1541,1585
1541,1616
1541,1618
1541,1624
1541,1626
1541,1638
1541,1645
1541,1646
1541,1649
1541,1668
1541,1697
1541,1703
1541,1713
1541,2614
1541,2636
1541,2642
1541,2647
1557,1561
1557,1564
1557,1568
1557,1573
1557,1583
1557,1616
1557,1624
1557,1638
1557,1646
1557,1649
1557,1658
1557,1668
1557,1685
1557,2411
1557,4728
1561,1564
1561,1585
1561,1616
1561,1626
1561,1638
1561,1646
1561,1658
1561,1668
1561,1685
1561,1703
1564,1568
1564,1573
1564,1583
1564,1585
1564,1616
1564,1626
1564,1638
1564,1645
1564,1646
1564,1649
1564,1658
1564,1665
1564,1684
1564,1685
1564,1703
1564,1713
1564,1750
1568,1573
1568,1583
1568,1585
1568,1616
1568,1624
1568,1626
1568,1645
1568,1646
1568,1649
1568,1665
1568,1668
1568,1697
1568,1721
1568,1748
1568,2022
1568,2049
1568,2136
1573,1583
1573,1585
1573,1616
1573,1638
1573,1646
1573,1649
1573,1685
1573,1703
1573,1721
1573,2393
1573,3919
1583,1616
1583,1624
1583,1638
1583,1646
1583,1649
1583,1658
1583,1665
1583,1685
1583,2188
1583,2631
1583,2632
1583,2647
1583,3945
1583,3980
1583,3981
1583,3984
1583,4715
1585,1616
1585,1624
1585,1626
1585,1638
1585,1646
1585,1649
1585,1668
1585,1685
1585,1697
1585,1703
1585,1750
1585,4061
1602,1848
1602,2034
1602,2131
1602,2224
1602,2577
1602,2634
1602,3020
1602,3278
1602,4677
1602,4714
1602,4715
1602,4747
1602,4755
1602,4769
1602,4806
1602,4839
1602,4890
1616,1624
1616,1626
1616,1638
1616,1645
1616,1646
1616,1649
1616,1658
1616,1665
1616,1668
1616,1685
1616,1713
1616,1721
1616,1745
1616,1748
1616,1750
1616,2585
1616,2631
1616,2647
1616,3984
1624,1626
1624,1638
1624,1640
1624,1646
1624,1649
1624,1658
1624,1665
1624,1685
1624,1721
1624,1746
1624,2106
1624,2188
1624,2631
1624,3984
1626,1638
1626,1649
1626,1658
1626,1703
1638,1645
1638,1646
1638,1649
1638,1658
1638,1685
1638,1703
1638,1713
1638,2647
1645,1649
1645,1668
1645,1685
1646,1649
1646,1658
1646,1665
1646,1668
1646,1670
1646,1685
1646,1703
1646,1713
1646,1745
1646,1750
1658,1668
1658,1685
1658,1703
1658,2645
1668,1684
1668,1685
1668,1713
1682,2631
1685,1697
1685,1703
1685,1713
1685,1747
1685,1750
1685,2008
1685,4061
1713,1750
1713,2647
1721,2649
1745,2187
1745,2632
1745,2634
1745,2639
1745,2645
1745,2648
1745,3945
1745,3980
1745,4060
1745,4061
1748,2022
1748,2045
1748,2106
1748,2136
1748,2188
1748,2631
1748,2635
1748,2636
1748,2638
1748,2642
1748,2643
1748,2646
1748,2647
1748,2649
1748,4644
2631,2632
2631,2634
2631,2635
2631,2636
2631,2638
2631,2642
2631,2643
2631,2645
2631,2647
2631,2649
2635,2636
2635,2642
2635,2647
2635,2649
2646,2647
2647,2649
2647,3980
181,182
181,190
181,197
181,201
181,204
181,205
181,206
181,207
181,216
181,220
181,227
181,232
181,234
181,241
181,1053
182,197
182,201
182,204
182,205
182,206
182,207
182,216
182,220
182,227
182,241
183,187
183,192
183,195
183,200
183,213
183,215
183,217
183,218
183,219
183,221
183,223
183,228
183,238
183,244
183,2216
184,2642
185,195
185,215
186,204
186,205
186,243
187,192
187,195
187,200
187,213
187,217
187,218
187,221
187,228
187,231
187,233
187,238
187,1455
187,1460
187,2216
187,2672
187,2674
187,3485
188,196
188,222
188,226
188,2023
190,198
190,207
190,211
190,217
190,220
190,228
190,230
190,233
190,244
190,1441
190,2461
191,194
191,228
192,195
192,200
192,213
192,215
192,217
192,218
192,221
192,228
192,231
192,235
192,238
192,1455
192,1479
192,2210
192,2216
192,2226
192,3384
192,3485
193,217
193,218
193,219
193,244
194,200
194,235
194,1421
194,1426
194,1455
194,2483
195,200
195,213
195,217
195,218
195,219
195,221
195,231
195,238
195,1455
195,2226
195,2291
195,2664
196,239
197,201
197,204
197,205
197,206
197,207
197,216
197,220
197,227
197,232
197,234
197,241
198,211
198,228
198,230
198,233
198,234
198,242
198,2480
198,3158
198,3159
199,229
200,217
200,235
200,538
200,1421
200,2193
200,2226
200,2483
200,2664
200,3565
200,4035
201,204
201,205
201,206
201,207
201,216
201,220
201,227
201,232
201,234
201,241
201,778
202,215
202,228
203,205
203,1565
204,205
204,206
204,207
204,210
204,216
204,220
204,227
204,232
204,234
204,241
204,3417
204,4091
204,4187
205,206
205,207
205,209
205,210
205,216
205,220
205,225
205,227
205,232
205,234
205,241
205,897
206,207
206,216
206,220
206,225
206,227
206,232
206,234
206,241
206,2556
207,216
207,220
207,227
207,232
207,234
207,241
208,212
208,214
209,210
209,3000
209,3043
209,4074
209,4107
209,4244
210,4359
210,4852
211,230
211,233
211,234
211,242
211,1424
211,1457
211,1472
211,1475
211,3159
212,214
212,236
213,215
213,217
213,218
213,221
213,231
213,235
213,1454
213,1455
213,2226
214,3023
215,217
215,218
215,221
215,228
215,233
215,238
215,244
215,2216
215,4680
216,220
216,225
216,227
216,232
216,234
216,241
216,1830
216,1916
216,2004
216,2025
216,2086
216,2216
217,218
217,219
217,221
217,228
217,231
217,238
217,244
217,333
217,448
217,1441
217,1455
217,1679
217,1862
217,2226
217,3158
217,3448
217,3485
217,3634
218,219
218,221
218,223
218,228
218,244
218,1233
218,1426
218,2226
218,3144
219,223
219,228
219,244
219,2226
219,2682
219,3178
220,227
220,234
220,241
221,231
221,238
221,1455
221,2216
221,2226
221,3159
221,4229
223,225
223,2216
224,236
225,229
225,2216
225,2556
225,3268
225,3345
225,3380
225,3384
225,3462
225,3485
227,232
227,234
227,241
227,2293
228,242
228,244
228,2226
228,3448
229,1429
229,1613
229,2132
229,2216
229,2556
229,2623
229,3186
229,3190
229,3192
229,3199
229,3221
229,3227
229,3231
229,3234
229,3238
229,3260
229,3261
229,3262
229,3267
229,3268
229,3289
229,3293
229,3296
229,3331
229,3345
229,3370
229,3373
229,3380
229,3397
229,3399
229,3415
229,3436
229,3464
229,3469
229,3485
229,3515
229,3884
229,4310
230,2455
230,3159
231,235
231,1454
231,1455
231,2226
232,234
232,241
233,234
233,238
233,1421
233,1426
233,1455
233,1460
233,1470
233,2226
234,238
234,241
234,242
234,2480
235,656
235,1421
235,1455
235,2226
235,2483
235,2880
238,1423
238,1455
238,1460
238,1479
238,2216
238,2226
238,3485
240,3565
240,3671
242,662
242,1441
242,2465
242,2480
242,2483
243,245
243,265
309,371
309,389
309,474
309,475
309,483
309,487
309,490
309,509
309,516
309,570
309,593
309,597
309,673
309,678
309,826
309,856
309,982
309,985
309,986
309,993
309,998
309,1009
309,1026
309,1034
309,1043
309,1053
309,1063
309,1169
309,1194
309,1977
309,2091
309,3008
309,3017
309,3041
309,3047
309,3075
309,3080
309,3240
309,4028
309,4092
309,4094
309,4095
309,4104
309,4111
309,4121
309,4125
309,4136
309,4145
309,4175
309,4177
309,4180
309,4200
309,4202
309,4203
309,4216
309,4227
309,4232
309,4234
309,4566
309,4567
309,4602
309,4614
309,4675
309,4694
309,4740
309,4749
309,4782
309,4814
352,371
352,403
352,433
352,474
352,475
352,490
352,499
352,509
352,516
352,570
352,591
352,593
352,597
352,598
352,839
352,1745
352,2562
352,3712
352,3977
352,4644
389,474
389,475
389,484
389,487
389,509
389,527
389,597
389,873
389,1586
389,1597
389,1599
389,2045
484,487
484,591
484,1541
484,1645
484,2614
487,509
487,516
487,527
487,570
487,593
487,597
487,598
487,1429
487,1583
487,1597
487,3186
487,3190
487,3202
487,3211
487,3221
487,3223
487,3232
487,3233
487,3237
487,3240
487,3245
487,3247
487,3251
487,3252
487,3253
487,3254
487,3266
487,3281
487,3292
487,3296
487,3301
487,3306
487,3311
487,3312
487,3313
487,3320
487,3321
487,3332
487,3347
487,3349
487,3352
487,3354
487,3355
487,3358
487,3383
487,3386
487,3390
487,3402
487,3408
487,3410
487,3411
487,3414
487,3415
487,3418
487,3420
487,3424
487,3427
487,3438
487,3450
487,3457
487,3459
487,3467
487,3468
487,3476
487,4658
487,4829
490,570
490,593
490,1836
490,2072
509,516
509,527
509,566
509,570
509,593
509,597
509,881
509,1417
509,1597
509,1599
509,1655
509,1837
509,1838
509,1840
509,1842
509,1844
509,1858
509,1877
509,1885
509,1890
509,1903
509,1907
509,1916
509,1926
509,1930
509,1933
509,1938
509,1949
509,1962
509,1964
509,1973
509,1993
509,1994
509,1995
509,1999
509,2006
509,2008
509,2020
509,2030
509,2035
509,2036
509,2043
509,2045
509,2056
509,2072
509,2074
509,2075
509,2084
509,2086
509,2091
509,2094
509,2095
509,2101
509,2106
509,2111
509,2115
509,2116
509,2117
509,2119
509,2123
509,2129
509,2130
509,2133
509,2135
509,2142
509,2144
509,2145
509,2153
509,2154
509,2156
509,2157
509,2161
509,2162
509,2174
509,2183
509,2332
509,2636
509,2638
509,2642
509,3113
527,536
527,593
527,597
527,813
527,867
527,1221
527,1525
527,1586
527,1597
527,1599
527,1623
527,1640
527,1661
527,1745
527,2191
527,4637
555,570
555,593
555,595
555,1525
555,1693
570,591
570,593
570,598
570,1836
570,1842
570,1890
570,1903
570,1922
570,1926
570,1933
570,1939
570,1993
570,1999
570,2024
570,2029
570,2035
570,2072
570,2075
570,2084
570,2085
570,2091
570,2111
570,2117
570,2129
570,2135
570,2142
570,2158
570,2183
570,2203
591,597
591,1597
591,1926
591,1933
591,1942
591,1985
591,1998
591,2072
591,2106
591,2178
593,598
593,1624
593,1640
593,3123
595,745
595,755
597,598
813,1525
813,1597
813,1599
813,1618
813,1623
813,1640
813,1661
813,1685
813,1864
813,2055
813,2631
813,2632
813,2849
813,4644
1586,1597
1586,1599
1586,1623
1586,1660
1586,1954
1586,2636
1597,1599
1597,1623
1597,1640
1597,1661
1597,1953
1597,2631
1597,3233
1597,4715
1599,1623
1599,1640
1599,1661
1618,1655
1618,1745
1618,1889
1618,2008
1618,2045
1618,2614
1618,2631
1618,2632
1618,2634
1618,2645
1618,2648
1618,3977
1618,3980
1618,4061
1618,4644
1623,1661
1623,3003
1623,4061
2045,2106
2045,2188
2045,2631
2045,2632
2045,2634
2045,2635
2045,2636
2045,2638
2045,2642
2045,2643
2045,2644
2045,2646
2045,2647
2045,2649
2045,3921
2045,4300
2045,4744
2106,2194
2106,2631
2106,2635
2106,2636
2106,2638
2106,2643
2106,2646
2106,2649
2106,3371
2106,3444
2106,3858
2106,3864
2106,3867
2106,3869
2106,3871
2106,3872
2106,3873
2106,3875
2106,3877
2106,3878
2106,3880
2106,3883
2106,3884
2106,3886
2106,3890
2106,3893
2106,3896
2106,3897
2106,3900
2106,3903
2106,3904
2106,3908
2106,3910
2106,3916
2106,3917
2106,3920
2106,3921
2106,3922
2106,3923
2106,3925
2106,3934
2106,3935
2106,3939
2106,3940
2106,3941
2106,3942
2106,3947
2106,3948
2106,3951
2106,3952
2106,3954
2106,3955
2106,3957
2106,3961
2106,3965
2106,3966
2106,3967
2106,3968
2106,3970
2106,3971
2106,3972
2106,3973
2106,3976
2106,3978
2106,3979
2106,3982
2106,3983
2106,4718
2109,4868
2494,4714
2494,4755
2494,4780
2494,4823
2548,2559
2634,2639
2634,2644
2634,2645
2634,2648
2634,3212
2634,3269
2634,3977
2634,3980
2634,3981
2634,4282
2636,2642
2636,2649
2636,4061
1420,1450
1421,1426
1421,1427
1421,1428
1421,1430
1421,1431
1421,1432
1421,1434
1421,1435
1421,1439
1421,1440
1421,1442
1421,1444
1421,1445
1421,1448
1421,1449
1421,1451
1421,1452
1421,1453
1421,1455
1421,1457
1421,1461
1421,1462
1421,1463
1421,1465
1421,1466
1421,1467
1421,1468
1421,1471
1421,1472
1421,2483
1421,2838
1422,1431
1422,1459
1422,3091
1422,3119
1422,3291
1422,3398
1422,4118
1422,4765
1423,1450
1423,2216
1423,2223
1423,2451
1423,2480
1424,1445
1424,1457
1424,1472
1425,2116
1426,2223
1426,2226
1426,2452
1426,2454
1426,2477
1426,2699
1426,3819
1427,1431
1427,2175
1427,3036
1427,3072
1427,3417
1427,4701
1427,4721
1427,4933
1428,1435
1428,1437
1428,1439
1428,1440
1428,1444
1428,1445
1428,1453
1428,1465
1428,1466
1428,1472
1428,1476
1428,1478
1428,2838
1428,4970
1429,1854
1429,2216
1429,2532
1429,2556
1429,3181
1429,3186
1429,3188
1429,3190
1429,3198
1429,3202
1429,3216
1429,3219
1429,3235
1429,3237
1429,3238
1429,3239
1429,3240
1429,3245
1429,3246
1429,3253
1429,3254
1429,3255
1429,3260
1429,3262
1429,3263
1429,3264
1429,3267
1429,3268
1429,3271
1429,3275
1429,3282
1429,3284
1429,3285
1429,3287
1429,3289
1429,3292
1429,3296
1429,3299
1429,3301
1429,3311
1429,3312
1429,3321
1429,3331
1429,3332
1429,3345
1429,3356
1429,3358
1429,3399
1429,3405
1429,3408
1429,3410
1429,3415
1429,3424
1429,3427
1429,3428
1429,3442
1429,3457
1429,3459
1429,3464
1429,3467
1429,3471
1429,3476
1429,3485
1429,3885
1429,3909
1429,4939
1430,1437
1430,1453
1430,1462
1430,1463
1430,1473
1430,2838
1431,2112
1431,2175
1431,3019
1431,3045
1431,3379
1431,3436
1431,4106
1431,4197
1431,4418
1431,4568
1431,4590
1431,4625
1431,4701
1431,4723
1431,4742
1431,4749
1431,4789
1431,4796
1431,4826
1431,4850
1433,2104
1433,2163
1433,2193
1433,2224
1433,2524
1433,2565
1433,3216
1433,3295
1433,3423
1433,3450
1433,3669
1433,4275
1433,4310
1433,4839
1433,4972
1434,1453
1434,1465
1434,1468
1434,1947
1434,2838
1434,4898
1434,4920
1434,4926
1434,4933
1434,4939
1434,4980
1435,1439
1435,1440
1435,1444
1435,1445
1435,1449
1435,1452
1435,3175
1437,1439
1437,1440
1437,1441
1437,1462
1437,1463
1437,1465
1437,1473
1437,2838
1438,2046
1438,2193
1438,2624
1438,4056
1438,4331
1439,1440
1439,1444
1439,1445
1439,1453
1439,1466
1439,1467
1439,1468
1439,1472
1439,1476
1439,1478
1439,2838
1440,1444
1440,1449
1440,1466
1440,1472
1440,1476
1440,2838
1441,1471
1441,2442
1441,2452
1441,2466
1441,3158
1441,3175
1442,1459
1442,1462
1442,2838
1443,1446
1443,1455
1444,1445
1444,1449
1444,1452
1444,1456
1444,1461
1444,1466
1444,1472
1444,2838
1445,1449
1445,1453
1445,1457
1445,1461
1445,1465
1445,1466
1445,1467
1445,1468
1445,1472
1445,2838
1446,2290
1447,2637
1447,2668
1447,2933
1447,3196
1447,3273
1447,3295
1447,3323
1447,4097
1447,4123
1447,4202
1447,4275
1447,4289
1447,4293
1447,4310
1447,4745
1447,4796
1447,4856
1447,4972
1449,1451
1449,1466
1449,1472
1450,3507
1451,1452
1451,1458
1451,1466
1451,1472
1451,1475
1452,1457
1452,1461
1452,1467
1452,1468
1452,1472
1453,1457
1453,1465
1453,1466
1453,1468
1453,1472
1453,1476
1453,2838
1454,1455
1454,1460
1454,1467
1454,2226
1454,2446
1455,2226
1456,2227
1456,3021
1456,3037
1456,3038
1456,3049
1456,3059
1456,3070
1456,3215
1456,3333
1456,3348
1456,3461
1456,3472
1456,4577
1457,1465
1457,1468
1457,1472
1457,2838
1459,2465
1459,3119
1459,3291
1459,3295
1459,3405
1459,4118
1459,4563
1459,4574
1459,4586
1459,4637
1459,4738
1459,4796
1459,4829
1460,2216
1460,2226
1461,1467
1461,1468
1461,1472
1462,1463
1462,1468
1462,1473
1462,2838
1463,1468
1463,1473
1464,3283
1464,3358
1464,4333
1465,1468
1465,1476
1465,2838
1466,1472
1466,1475
1467,1472
1467,1475
1467,2457
1468,1472
1468,1478
1468,2838
1471,2461
1471,3158
1472,1478
1472,4133
1473,2838
1474,2216
1474,3507
1474,3888
1475,4666
1476,2838
1476,4970
1477,3231
1477,4275
1477,4289
1479,2212
1479,2216
1479,3411
1479,3462
1479,3485
1640,1661
1640,4823
1665,1685
1665,1721
1665,1745
1665,1916
1665,2355
1665,2361
1665,2631
1665,3690
1665,4060
1676,1677
1676,1678
1676,1679
1676,1680
1676,1681
1676,1686
1676,1687
1676,1688
1676,1690
1676,1691
1676,1693
1676,1694
1676,1695
1676,1696
1676,1698
1676,1699
1676,1700
1676,1702
1676,1704
1676,1705
1676,1706
1676,1708
1676,1711
1676,1712
1676,1715
1676,1717
1676,1718
1676,1719
1676,1720
1676,1722
1676,1723
1676,1724
1676,1725
1676,1726
1676,1727
1676,1728
1676,1729
1676,1730
1676,1731
1676,1732
1676,1733
1676,1734
1676,1735
1676,1736
1676,1737
1676,1738
1676,1739
1676,1740
1676,1741
1676,1742
1676,1743
1676,1744
1676,1747
1676,1749
1677,1678
1677,1679
1677,1680
1677,1681
1677,1687
1677,1688
1677,1689
1677,1690
1677,1691
1677,1692
1677,1693
1677,1694
1677,1695
1677,1696
1677,1698
1677,1699
1677,1700
1677,1701
1677,1702
1677,1704
1677,1705
1677,1706
1677,1708
1677,1711
1677,1712
1677,1714
1677,1715
1677,1716
1677,1718
1677,1720
1677,1722
1677,1723
1677,1724
1677,1725
1677,1728
1677,1729
1677,1730
1677,1731
1677,1732
1677,1734
1677,1735
1677,1736
1677,1737
1677,1741
1677,1742
1677,1743
1677,1744
1677,1751
1678,1680
1678,1681
1678,1686
1678,1687
1678,1688
1678,1690
1678,1691
1678,1692
1678,1693
1678,1694
1678,1695
1678,1696
1678,1698
1678,1699
1678,1700
1678,1702
1678,1704
1678,1706
1678,1708
1678,1711
1678,1715
1678,1717
1678,1722
1678,1724
1678,1727
1678,1730
1678,1731
1678,1734
1678,1735
1678,1741
1678,1747
1678,1749
1678,3223
1679,1680
1679,1681
1679,1686
1679,1687
1679,1688
1679,1690
1679,1691
1679,1692
1679,1693
1679,1694
1679,1695
1679,1696
1679,1698
1679,1699
1679,1700
1679,1702
1679,1704
1679,1705
1679,1706
1679,1708
1679,1711
1679,1712
1679,1715
1679,1717
1679,1720
1679,1722
1679,1723
1679,1724
1679,1725
1679,1727
1679,1728
1679,1729
1679,1731
1679,1732
1679,1733
1679,1734
1679,1735
1679,1736
1679,1737
1679,1738
1679,1740
1679,1741
1679,1742
1679,1743
1679,1744
1679,1749
1680,1686
1680,1687
1680,1688
1680,1690
1680,1691
1680,1693
1680,1694
1680,1695
1680,1696
1680,1698
1680,1699
1680,1701
1680,1702
1680,1704
1680,1705
1680,1706
1680,1708
1680,1711
1680,1712
1680,1714
1680,1715
1680,1717
1680,1718
1680,1719
1680,1720
1680,1722
1680,1723
1680,1724
1680,1725
1680,1726
1680,1727
1680,1728
1680,1729
1680,1730
1680,1731
1680,1732
1680,1733
1680,1734
1680,1735
1680,1736
1680,1737
1680,1738
1680,1740
1680,1741
1680,1742
1680,1743
1680,1744
1680,1747
1680,1749
1680,1751
1681,1686
1681,1687
1681,1688
1681,1690
1681,1691
1681,1693
1681,1694
1681,1695
1681,1696
1681,1698
1681,1699
1681,1700
1681,1701
1681,1702
1681,1706
1681,1708
1681,1712
1681,1717
1681,1718
1681,1719
1681,1720
1681,1722
1681,1723
1681,1724
1681,1727
1681,1731
1681,1732
1681,1733
1681,1734
1681,1735
1681,1737
1681,1742
1681,1743
1681,1744
1683,1689
1683,1702
1683,1737
1684,1703
1686,1687
1686,1688
1686,1691
1686,1692
1686,1693
1686,1694
1686,1695
1686,1696
1686,1698
1686,1699
1686,1700
1686,1702
1686,1704
1686,1705
1686,1706
1686,1708
1686,1711
1686,1717
1686,1720
1686,1722
1686,1723
1686,1724
1686,1725
1686,1726
1686,1727
1686,1728
1686,1729
1686,1730
1686,1731
1686,1733
1686,1734
1686,1735
1686,1736
1686,1737
1686,1738
1686,1740
1686,1741
1686,1742
1686,1743
1686,1744
1686,1749
1686,1767
1687,1688
1687,1690
1687,1691
1687,1692
1687,1693
1687,1694
1687,1695
1687,1696
1687,1698
1687,1699
1687,1700
1687,1702
1687,1704
1687,1706
1687,1708
1687,1711
1687,1717
1687,1718
1687,1720
1687,1722
1687,1723
1687,1724
1687,1725
1687,1727
1687,1728
1687,1729
1687,1731
1687,1733
1687,1734
1687,1735
1687,1736
1687,1737
1687,1738
1687,1740
1687,1741
1687,1742
1687,1743
1687,1744
1687,1747
1687,1749
1688,1690
1688,1691
1688,1692
1688,1693
1688,1694
1688,1695
1688,1696
1688,1698
1688,1700
1688,1701
1688,1702
1688,1704
1688,1705
1688,1708
1688,1709
1688,1717
1688,1720
1688,1722
1688,1723
1688,1724
1688,1725
1688,1727
1688,1728
1688,1729
1688,1731
1688,1733
1688,1734
1688,1735
1688,1736
1688,1737
1688,1738
1688,1740
1688,1741
1688,1742
1688,1743
1688,1744
1688,1749
1688,2246
1688,3605
1689,1702
1689,1737
1690,1691
1690,1692
1690,1693
1690,1694
1690,1695
1690,1696
1690,1698
1690,1699
1690,1700
1690,1702
1690,1704
1690,1706
1690,1708
1690,1711
1690,1715
1690,1717
1690,1720
1690,1722
1690,1723
1690,1724
1690,1725
1690,1727
1690,1728
1690,1730
1690,1731
1690,1732
1690,1734
1690,1735
1690,1737
1690,1742
1690,1743
1690,1747
1690,1749
1691,1693
1691,1694
1691,1695
1691,1696
1691,1698
1691,1699
1691,1700
1691,1702
1691,1704
1691,1705
1691,1706
1691,1708
1691,1711
1691,1712
1691,1715
1691,1717
1691,1718
1691,1719
1691,1720
1691,1722
1691,1723
1691,1724
1691,1725
1691,1727
1691,1728
1691,1729
1691,1730
1691,1731
1691,1732
1691,1733
1691,1734
1691,1735
1691,1736
1691,1737
1691,1741
1691,1742
1691,1743
1691,1744
1691,1747
1691,1749
1692,1694
1692,1695
1692,1696
1692,1698
1692,1699
1692,1700
1692,1702
1692,1704
1692,1705
1692,1708
1692,1717
1692,1722
1692,1723
1692,1728
1692,1729
1692,1730
1692,1734
1692,1735
1692,1736
1692,1737
1692,1738
1692,1740
1692,1742
1692,1743
1692,1744
1692,1749
1693,1694
1693,1695
1693,1696
1693,1698
1693,1699
1693,1700
1693,1701
1693,1702
1693,1704
1693,1706
1693,1708
1693,1711
1693,1712
1693,1717
1693,1718
1693,1720
1693,1722
1693,1724
1693,1725
1693,1727
1693,1729
1693,1730
1693,1731
1693,1732
1693,1734
1693,1735
1693,1737
1693,1738
1693,1740
1693,1744
1693,1747
1693,3958
1694,1695
1694,1696
1694,1698
1694,1699
1694,1700
1694,1701
1694,1702
1694,1704
1694,1705
1694,1706
1694,1708
1694,1711
1694,1715
1694,1717
1694,1718
1694,1720
1694,1722
1694,1723
1694,1724
1694,1725
1694,1727
1694,1728
1694,1729
1694,1730
1694,1731
1694,1733
1694,1734
1694,1735
1694,1736
1694,1737
1694,1738
1694,1740
1694,1741
1694,1742
1694,1743
1694,1744
1694,1747
1694,1749
1694,1752
1694,2246
1694,2287
1694,3551
1694,3605
1695,1696
1695,1698
1695,1699
1695,1700
1695,1701
1695,1702
1695,1704
1695,1705
1695,1706
1695,1708
1695,1709
1695,1711
1695,1715
1695,1717
1695,1718
1695,1720
1695,1722
1695,1723
1695,1724
1695,1725
1695,1726
1695,1727
1695,1728
1695,1729
1695,1730
1695,1731
1695,1733
1695,1734
1695,1735
1695,1736
1695,1737
1695,1738
1695,1740
1695,1741
1695,1742
1695,1743
1695,1744
1695,1747
1695,1749
1695,1752
1695,4021
1696,1698
1696,1699
1696,1700
1696,1701
1696,1702
1696,1704
1696,1705
1696,1706
1696,1708
1696,1711
1696,1717
1696,1718
1696,1720
1696,1722
1696,1723
1696,1724
1696,1725
1696,1727
1696,1728
1696,1729
1696,1730
1696,1731
1696,1734
1696,1735
1696,1736
1696,1737
1696,1738
1696,1740
1696,1741
1696,1742
1696,1743
1696,1744
1696,1747
1698,1699
1698,1700
1698,1701
1698,1702
1698,1704
1698,1705
1698,1706
1698,1708
1698,1711
1698,1714
1698,1715
1698,1716
1698,1717
1698,1718
1698,1719
1698,1720
1698,1722
1698,1723
1698,1725
1698,1727
1698,1728
1698,1729
1698,1730
1698,1731
1698,1734
1698,1735
1698,1737
1698,1738
1698,1741
1698,1742
1698,1743
1698,1744
1698,1749
1698,2044
1698,2265
1699,1700
1699,1701
1699,1702
1699,1704
1699,1706
1699,1708
1699,1711
1699,1712
1699,1714
1699,1715
1699,1716
1699,1717
1699,1718
1699,1720
1699,1722
1699,1723
1699,1724
1699,1725
1699,1727
1699,1728
1699,1729
1699,1730
1699,1731
1699,1734
1699,1735
1699,1736
1699,1737
1699,1738
1699,1740
1699,1741
1699,1742
1699,1743
1699,1744
1699,1749
1700,1701
1700,1702
1700,1704
1700,1708
1700,1711
1700,1712
1700,1714
1700,1716
1700,1717
1700,1718
1700,1720
1700,1722
1700,1724
1700,1725
1700,1727
1700,1729
1700,1731
1700,1734
1700,1735
1700,1737
1700,1738
1700,1741
1700,1742
1700,1744
1700,1747
1700,1751
1701,1702
1701,1706
1701,1717
1701,1718
1701,1725
1701,1735
1701,1737
1701,1742
1701,2265
1701,3649
1702,1704
1702,1705
1702,1706
1702,1708
1702,1711
1702,1712
1702,1714
1702,1715
1702,1716
1702,1717
1702,1718
1702,1720
1702,1722
1702,1723
1702,1724
1702,1725
1702,1727
1702,1729
1702,1730
1702,1731
1702,1733
1702,1734
1702,1735
1702,1736
1702,1737
1702,1740
1702,1741
1702,1742
1702,1743
1702,1744
1702,1749
1702,2265
1704,1705
1704,1706
1704,1708
1704,1711
1704,1715
1704,1717
1704,1722
1704,1723
1704,1725
1704,1727
1704,1729
1704,1730
1704,1731
1704,1733
1704,1734
1704,1735
1704,1736
1704,1737
1704,1738
1704,1740
1704,1741
1704,1742
1704,1743
1704,1744
1704,1749
1704,2246
1704,2260
1704,2287
1704,2294
1704,3999
1704,4029
1704,4320
1705,1706
1705,1708
1705,1717
1705,1722
1705,1723
1705,1724
1705,1726
1705,1728
1705,1729
1705,1730
1705,1733
1705,1735
1705,1738
1705,1742
1705,1743
1705,1744
1705,1749
1706,1708
1706,1709
1706,1710
1706,1711
1706,1715
1706,1718
1706,1720
1706,1722
1706,1723
1706,1725
1706,1726
1706,1727
1706,1728
1706,1729
1706,1730
1706,1731
1706,1733
1706,1734
1706,1735
1706,1736
1706,1738
1706,1740
1706,1741
1706,1742
1706,1743
1706,1744
1707,1709
1707,1710
1708,1711
1708,1715
1708,1717
1708,1718
1708,1720
1708,1722
1708,1723
1708,1725
1708,1727
1708,1728
1708,1729
1708,1730
1708,1731
1708,1733
1708,1734
1708,1735
1708,1736
1708,1737
1708,1738
1708,1740
1708,1741
1708,1742
1708,1743
1708,1744
1708,1747
1708,1749
1708,1751
1709,1710
1711,1717
1711,1718
1711,1722
1711,1724
1711,1725
1711,1727
1711,1729
1711,1730
1711,1731
1711,1732
1711,1734
1711,1735
1711,1737
1711,1741
1711,1743
1711,1747
1711,1751
1712,1715
1712,1720
1712,1724
1712,1725
1712,1730
1712,1731
1712,1737
1714,1716
1714,1724
1714,1730
1714,1737
1715,1720
1715,1723
1715,1724
1715,1730
1715,1735
1715,1742
1715,1744
1716,1737
1717,1720
1717,1722
1717,1724
1717,1727
1717,1728
1717,1729
1717,1730
1717,1734
1717,1735
1717,1736
1717,1737
1717,1741
1717,1742
1717,1743
1717,1744
1717,1747
1717,1749
1717,2116
1718,1720
1718,1724
1718,1725
1718,1727
1718,1729
1718,1731
1718,1732
1718,1734
1718,1737
1718,1747
1719,1720
1719,1731
1719,1739
1719,1893
1720,1722
1720,1724
1720,1725
1720,1727
1720,1728
1720,1729
1720,1731
1720,1732
1720,1734
1720,1735
1720,1737
1720,1738
1720,1741
1720,1742
1720,1743
1720,1744
1720,1747
1722,1723
1722,1727
1722,1728
1722,1729
1722,1730
1722,1731
1722,1733
1722,1734
1722,1735
1722,1736
1722,1737
1722,1740
1722,1741
1722,1742
1722,1743
1722,1744
1722,1749
1722,1956
1723,1727
1723,1728
1723,1729
1723,1730
1723,1731
1723,1733
1723,1734
1723,1735
1723,1736
1723,1738
1723,1740
1723,1742
1723,1743
1723,1744
1723,1898
1723,2051
1724,1725
1724,1726
1724,1727
1724,1730
1724,1734
1724,1737
1724,1741
1724,1743
1724,1744
1724,1747
1725,1727
1725,1728
1725,1730
1725,1731
1725,1732
1725,1733
1725,1735
1725,1737
1725,1743
1726,1735
1726,1744
1727,1728
1727,1729
1727,1730
1727,1731
1727,1732
1727,1734
1727,1735
1727,1737
1727,1738
1727,1740
1727,1741
1727,1742
1727,1743
1727,1744
1727,1747
1727,1751
1727,2133
1728,1734
1728,1735
1728,1737
1728,1738
1728,1741
1728,1742
1728,1743
1728,1744
1728,1749
1729,1734
1729,1735
1729,1736
1729,1737
1729,1738
1729,1742
1729,1743
1729,1744
1729,1749
1730,1731
1730,1734
1730,1735
1730,1736
1731,1732
1731,1734
1731,1735
1731,1737
1731,1738
1731,1742
1731,1747
1732,1743
1733,1740
1733,1742
1733,1743
1733,1744
1733,1747
1733,1749
1733,2074
1733,2163
1734,1735
1734,1736
1734,1737
1734,1740
1734,1741
1734,1742
1734,1743
1734,1744
1734,1747
1734,1749
1735,1736
1735,1737
1735,1738
1735,1740
1735,1741
1735,1742
1735,1743
1735,1744
1735,1749
1736,1738
1736,1743
1736,1744
1736,1749
1737,1741
1737,1742
1737,1744
1738,1740
1738,1742
1738,1743
1738,1744
1738,1749
1740,1742
1740,1743
1740,1956
1740,3565
1741,1743
1742,1743
1742,1744
1743,1744
1743,1749
1744,1749
732,754
732,913
732,2344
732,2345
732,3036
732,4404
733,740
733,744
733,749
733,751
733,756
733,760
734,740
734,745
734,755
734,756
734,760
734,3035
734,4805
735,736
735,753
735,839
735,884
735,1559
735,1873
735,2494
735,2766
735,3308
735,3384
735,3485
735,4334
735,4780
736,737
736,758
736,761
736,762
736,896
736,2556
736,3298
737,741
737,758
737,1303
737,3338
738,747
738,858
738,983
738,984
738,986
738,992
738,1009
738,1012
738,1032
738,1037
738,1040
738,1042
738,1043
738,1056
738,1060
738,1061
738,1071
738,1073
738,1076
738,1087
738,1191
738,1205
738,1412
738,1790
738,1946
738,1977
738,3013
738,3023
738,3051
738,3053
738,3057
738,3085
738,3091
738,3174
738,4066
738,4077
738,4089
738,4096
738,4113
738,4127
738,4144
738,4158
738,4162
738,4172
738,4194
738,4214
738,4218
738,4231
738,4233
738,4239
738,4252
738,4429
738,4524
738,4563
738,4596
738,4637
738,4638
738,4666
738,4669
738,4682
738,4699
738,4721
738,4821
738,4856
739,761
740,742
740,743
740,744
740,745
740,749
740,751
740,755
740,756
740,757
740,760
742,760
743,744
743,745
743,755
743,756
743,760
744,745
744,749
744,751
744,755
744,756
744,760
745,749
745,751
745,757
745,760
745,3336
745,3477
746,760
746,1427
746,2175
746,4701
747,858
747,1990
747,2109
748,755
749,751
749,755
749,756
751,755
751,756
751,760
753,823
753,839
753,884
753,1165
753,1170
753,1171
753,1172
753,1177
753,1184
753,1186
753,1192
753,1206
753,2494
753,4163
753,4556
753,4577
753,4580
753,4592
753,4636
753,4639
753,4647
753,4681
753,4741
753,4755
753,4833
754,3822
755,756
755,760
756,759
756,760
758,761
759,760
761,3100
441,479
441,489
441,539
441,567
441,568
441,870
441,1586
441,1602
441,2071
441,3083
441,3275
441,3398
441,3565
441,4118
441,4677
441,4714
441,4765
441,4806
441,4823
580,581
580,582
580,590
867,4677
867,4806
867,4823
870,4806
1559,4163
1559,4972
1613,1624
1613,1649
1613,2261
1613,2556
1613,3135
1613,3192
1613,3238
1613,3261
1613,3267
1613,3268
1613,3331
1613,3380
1613,4715
1613,4887
1954,2042
1954,2636
2068,2088
2068,2113
2068,2127
2068,2179
2068,2182
2068,4847
2068,4984
4714,4806
4715,4887
4744,4823
4755,4780
